comment_id,author,text,like_count,published_at,total_reply_count,is_reply
UgxGLiRKBOqshURk7x94AaABAg,@RomanyGypsy92,Strategically placing her guitar in the background for her Zoom call with Craig and Neil... smart cookie! And the list of things in Ellie's backpack... how true to the game lol. All the artifacts and collectibles.,337,2025-05-22T20:57:40Z,14,False
UgxGLiRKBOqshURk7x94AaABAg.AIRaJ-1wROPAITnF4B3bSU,@–î–Ω–µ–≤–Ω–∏–∫_–ø–æ–ª–∏–≥–ª–æ—Ç–∞,"genius, born to be an actress",5,2025-05-23T17:29:13Z,0,True
UgxGLiRKBOqshURk7x94AaABAg.AIRaJ-1wROPAIU99LJbFYj,@lamarwayland6494,She got indoctrinated she goes by they/them ü§£ü§£ü§£,3,2025-05-23T20:49:25Z,0,True
UgxGLiRKBOqshURk7x94AaABAg.AIRaJ-1wROPAIU9WuR8nVo,@RomanyGypsy92,"‚Äã@@lamarwayland6494actually they recently said all pronouns are fine. But I don't expect you to know much of anything relevant on the topic since you used the term ""indoctrinated"" to describe someone's gender identity. üôÑ",0,2025-05-23T20:52:38Z,0,True
UgxGLiRKBOqshURk7x94AaABAg.AIRaJ-1wROPAIUF8h7PkUV,@HarmlessComment,"So is it true to the game or not? She tries to argue that it is an adaptation but then others point out it being ""true to the game"".",1,2025-05-23T21:41:45Z,0,True
UgxGLiRKBOqshURk7x94AaABAg.AIRaJ-1wROPAIV8fkTSWrk,@nan4800_n,@@HarmlessComment season 1 was more true to the game while season 2 became more of an adaptation.,0,2025-05-24T06:04:28Z,0,True
UgySFt0xzA7ySa0FUAJ4AaABAg,@tanjalovesuuu,"Wish people understood what Bella said about this being an adaptation and not a replicaüôè No reason to hate on the actors for being casted instead of someone you would‚Äôve liked better, they‚Äôre just doing their job",243,2025-05-23T05:25:16Z,18,False
UgySFt0xzA7ySa0FUAJ4AaABAg.AISVOik_5isAITAmOiR-0x,@hsd287,They all sabotaged the whole thing hopefully the games still played more by the ppl who can access them,14,2025-05-23T11:44:23Z,0,True
UgySFt0xzA7ySa0FUAJ4AaABAg.AISVOik_5isAIUMdg8UU4T,@amyitis,"exactly! There's no need for a replica when the game is already there...this is someone else's vision and can take so many elements of the game, which makes it more interesting to watch vs. playing. The hate Bella receives is ridiculous. She deserves the role and is a great Ellie!",11,2025-05-23T22:47:17Z,0,True
UgySFt0xzA7ySa0FUAJ4AaABAg.AISVOik_5isAIUWMykWwOM,@loshmyle,Adaption ok so call ur show Lost of us and character Bellie then maybe nobody would complain dumb excuse for woke disaster show,15,2025-05-24T00:12:15Z,0,True
UgySFt0xzA7ySa0FUAJ4AaABAg.AISVOik_5isAIV6_ZaOi1F,@aaeena_934,have u ever ever played the actual game?,7,2025-05-24T05:46:09Z,0,True
UgySFt0xzA7ySa0FUAJ4AaABAg.AISVOik_5isAIVPAenfXU-,@ChovyTheWolf,@@loshmylehow tf is this show woke in any way ? LmaoüòÇ,3,2025-05-24T08:28:38Z,0,True
Ugxu-mvKIs-0OnYBq5Z4AaABAg,@rolandravina1543,The amount of paid bots in this comment section is sad,10,2025-05-27T19:54:31Z,1,False
Ugxu-mvKIs-0OnYBq5Z4AaABAg.AIdM2pxzh2OAIhe84Xm5fe,@tallchief22,"its ridiculous, everyone know what they've seen",0,2025-05-29T11:58:13Z,0,True
UgwgGJuwRNQ3uxFgfuR4AaABAg,@GrayHung,"Great interview! I love the way Bella speaks, so intelligent and thoughtful. They‚Äôre just insanely talented.",209,2025-05-22T20:23:26Z,18,False
UgwgGJuwRNQ3uxFgfuR4AaABAg.AIRXOBrikvJAITYyeZCrBB,@Lucky28PT,They're? Bella and who else?,19,2025-05-23T15:15:46Z,0,True
UgwgGJuwRNQ3uxFgfuR4AaABAg.AIRXOBrikvJAIU5gI5dN02,@copperbean15,@@Lucky28PT Bella uses they/them pronouns. Hope this helps.,10,2025-05-23T20:19:06Z,0,True
UgwgGJuwRNQ3uxFgfuR4AaABAg.AIRXOBrikvJAIU5zEDd0uC,@Lucky28PT,"@@copperbean15 oh, i know, i'm just making fun of her",13,2025-05-23T20:21:41Z,0,True
UgwgGJuwRNQ3uxFgfuR4AaABAg.AIRXOBrikvJAIUAbttPPSr,@1Xpandi,‚Äã@@Lucky28PT how lame,8,2025-05-23T21:02:11Z,0,True
UgwgGJuwRNQ3uxFgfuR4AaABAg.AIRXOBrikvJAIUAzf4EOom,@Lucky28PT,"@@1Xpandi it's a joke, deal with it. have some fun",8,2025-05-23T21:05:26Z,0,True
Ugw9Gs0wb-t7edVtP4l4AaABAg,@turtl3s0up,"telling her to not research the source material was a really bad decision. in season 1, show Ellie was about 90-95% game Ellie. which is why most people didn't have an issue with Season 1. Season 2, show Ellie is 5% of what game Ellie is. She is supposed to be tough as nails, hardened, and revenge driven, instead they made her into a bumbling, idiotic, and immature high school jock.",78,2025-05-22T22:24:01Z,7,False
Ugw9Gs0wb-t7edVtP4l4AaABAg.AIRkBL5nbYhAIUUg0r3cU6,@rageintothelight,Plus she looks 12 so trying to sell her as a badass isn't working also the dialouge has been atrocious,18,2025-05-23T23:57:31Z,0,True
Ugw9Gs0wb-t7edVtP4l4AaABAg.AIRkBL5nbYhAIVA-1kPVyY,@IAmGeorgeLucas,Druckman‚Äôs ego gets in the way of what could be genuinely great art. Him mandating that Bella not look at the source material is just one example.,6,2025-05-24T06:15:59Z,0,True
Ugw9Gs0wb-t7edVtP4l4AaABAg.AIRkBL5nbYhAIVK9trnLor,@mercurywitchy,"i see you missed the part where they said ""They were very keen on it being an adaptation and not a replica."" hope that helps!",7,2025-05-24T07:44:51Z,0,True
Ugw9Gs0wb-t7edVtP4l4AaABAg.AIRkBL5nbYhAI_P87pSrht,@idontplaygames3k296,"‚Äã@@mercurywitchyIt doesn't, but continue to be a zealot.üòÇ",1,2025-05-26T07:04:30Z,0,True
Ugw9Gs0wb-t7edVtP4l4AaABAg.AIRkBL5nbYhAIeGHcxUGE0,@tars3249,90-95%??? She has like two emotions and she barely resembles Ellie in either looks or in charisma/charm. It's more like 30% in season one and 1% in season 2.,3,2025-05-28T04:23:21Z,0,True
UgyFl9zCSUyMUzQSGBd4AaABAg,@juliaberry732,"Bella is such a vibe, idk what many of you complaining about",120,2025-05-22T19:29:53Z,20,False
UgyFl9zCSUyMUzQSGBd4AaABAg.AIRRFwxcGR9AIRXEr2c0Y2,@yeezylegit4883,Cringeeeeee,23,2025-05-22T20:22:09Z,0,True
UgyFl9zCSUyMUzQSGBd4AaABAg.AIRRFwxcGR9AIRXYfcKdzS,@juliaberry732,"@@yeezylegit4883psht, they making bank either way if people wanna diss them or not. Team Bella.",14,2025-05-22T20:24:52Z,0,True
UgyFl9zCSUyMUzQSGBd4AaABAg.AIRRFwxcGR9AIRZ7VHqKl4,@yeezylegit4883,@@juliaberry732 they are not making bank lmao. Most likely they are all losing their jobs.,13,2025-05-22T20:38:38Z,0,True
UgyFl9zCSUyMUzQSGBd4AaABAg.AIRRFwxcGR9AIS6QW0XcnF,@starsalignedits,@@yeezylegit4883 sounds like you're obsessed w bella by clicking on this vid and commenting sm,10,2025-05-23T01:47:03Z,0,True
UgyFl9zCSUyMUzQSGBd4AaABAg.AIRRFwxcGR9AISbHAs021g,@MsSuckmynutz,"‚Äã@starsalignedits how does commenting make one obsessed? 
I'm sure she's a nice person, but the last of us has been pathetic. Everyone involved in production deserves $0.",0,2025-05-23T06:25:24Z,0,True
Ugwf-mIEc8_RvQcJLwZ4AaABAg,@Mhhmaddie,"Yall hate Bella so much, yet Yall watch every interview, panel, premiere, show they‚Äôre  inüò≠ if yall don‚Äôt like them MOVE ON. Stalking someone just to comment hate and vile things.. grow uppp",115,2025-05-22T19:44:01Z,26,False
Ugwf-mIEc8_RvQcJLwZ4AaABAg.AIRSsUHJC4QAIRXB_sLECe,@yeezylegit4883,What do you mean they? That‚Äôs a girl. Clearly.,0,2025-05-22T20:21:43Z,0,True
Ugwf-mIEc8_RvQcJLwZ4AaABAg.AIRSsUHJC4QAIRXP6CPSXr,@bigotsandwiches8456,"Who is they? There is only one Bella Ramsey and she is a she. If she doesn‚Äôt like reading mean comments about her looks, she can quit being an actress. üëçüèª non-binary isn‚Äôt real.",0,2025-05-22T20:23:33Z,0,True
Ugwf-mIEc8_RvQcJLwZ4AaABAg.AIRSsUHJC4QAIRXeKlHBWt,@bigotsandwiches8456,Who is they? There is only one  Bella Ramsey.,14,2025-05-22T20:25:46Z,0,True
Ugwf-mIEc8_RvQcJLwZ4AaABAg.AIRSsUHJC4QAIRYe4iC6rO,@ninadoell,exactlyyyy!! like plss y‚Äôall are so obsessed it‚Äôs crazy,5,2025-05-22T20:34:28Z,0,True
Ugwf-mIEc8_RvQcJLwZ4AaABAg.AIRSsUHJC4QAIRZ5JNxCub,@yeezylegit4883,@@ninadoell we hate that they ruined a game everyone loved.,15,2025-05-22T20:38:20Z,0,True
Ugx_wAPPrhIjyUdSRed4AaABAg,@twosense7723,They are extremely adorable and very talented. Really enjoyed their performance as Ellie when the series started.,88,2025-05-23T00:14:11Z,8,False
Ugx_wAPPrhIjyUdSRed4AaABAg.AIRwnJYKTQoAIUWpBAdy14,@loshmyle,WHO ARE THEY TELL ME WHO?,14,2025-05-24T00:16:14Z,0,True
Ugx_wAPPrhIjyUdSRed4AaABAg.AIRwnJYKTQoAIUqsHpmgby,@BNMS217,Agreed she is very special. We should get her a helmet and let her meet John Cena,8,2025-05-24T03:20:10Z,0,True
Ugx_wAPPrhIjyUdSRed4AaABAg.AIRwnJYKTQoAIX8cojWCp8,@claudiastokes6485,"Can we please stop using ""they"" when referring to one person? Bella originally said she was fine with the she pronoun.",1,2025-05-25T00:42:33Z,0,True
Ugx_wAPPrhIjyUdSRed4AaABAg.AIRwnJYKTQoAIYn57xQq8L,@Youcantphazeme24,Bella acoustic Ramsey,1,2025-05-25T16:04:04Z,0,True
Ugx_wAPPrhIjyUdSRed4AaABAg.AIRwnJYKTQoAIYou1pdBU0,@AAurora_96,"@@claudiastokes6485nope, singular use of they is perfectly valid.",2,2025-05-25T16:19:53Z,0,True
UgybfNCzjyEwbM0e4kR4AaABAg,@aiinhoaa12,Bella ily üò≠,25,2025-05-23T12:32:49Z,2,False
UgybfNCzjyEwbM0e4kR4AaABAg.AITGKDKZttPAITV74mEdOU,@jdiggidydog,Bot,0,2025-05-23T14:42:06Z,0,True
UgybfNCzjyEwbM0e4kR4AaABAg.AITGKDKZttPAIbMkEAJ_EJ,@juanrabanales4933,@@jdiggidydogseriously,0,2025-05-27T01:22:06Z,0,True
UgzTpaFq1_6bXa2BccB4AaABAg,@pepperjack91,"She has one of the most natural-sounding American accents I've heard on a British actor. So many of them flatten out their speech so much that it feels like an uncanny valley experience when I hear it, even if they're doing the sounds ""technically"" correct. It winds up sounding like a text-to-speech program. Bella sounds totally convincing as Ellie.",48,2025-05-23T19:13:52Z,3,False
UgzTpaFq1_6bXa2BccB4AaABAg.AITzD_3xjmCAIU5dTsPt7q,@copperbean15,fr I didn't even know Bella was British until I saw them in interviews.,1,2025-05-23T20:18:42Z,0,True
UgzTpaFq1_6bXa2BccB4AaABAg.AITzD_3xjmCAIVfrOQox3K,@blackniall8509,Because she's a toff,0,2025-05-24T11:03:10Z,0,True
UgzTpaFq1_6bXa2BccB4AaABAg.AITzD_3xjmCAIcFklPnw5R,@Insanepie,There are a LOT of Americas who talk like that though‚Ä¶ it‚Äôs awful,0,2025-05-27T09:40:15Z,0,True
UgwIFJVoeENUXnQVZj94AaABAg,@jardaland.,What a cool interview!! Bella is a beautiful person ‚ù§Ô∏è,40,2025-05-22T19:44:23Z,0,False
Ugwku-2ZYw2vGL9y3qt4AaABAg,@nzz-x9s,"hey GQ, maybe it's a great time to limit the comments. Bella Ramsey is outstanding in TLOU, it's a shame people focus in their appearance or the writing of the show instead of their acting.",103,2025-05-22T17:54:59Z,17,False
Ugwku-2ZYw2vGL9y3qt4AaABAg.AIRGOwXeN1hAIRL9xhZWbY,@Beerleyman,"hey you stfu, you probably didnt even play the game 12 years ago",2,2025-05-22T18:36:38Z,0,True
Ugwku-2ZYw2vGL9y3qt4AaABAg.AIRGOwXeN1hAIRSljfYGKO,@user-Marrk,"Haha, outstanding... thanks for sharing how little you know. Her ""portrayal"" as a goofy kid is the worst take on Ellie possible.",32,2025-05-22T19:43:05Z,0,True
Ugwku-2ZYw2vGL9y3qt4AaABAg.AIRGOwXeN1hAIRVllRrLDM,@Yellow123Cy,lol you have 0 knowledge of acting i see,12,2025-05-22T20:09:19Z,0,True
Ugwku-2ZYw2vGL9y3qt4AaABAg.AIRGOwXeN1hAIRW7EgnHL1,@GrayHung,I‚Äôm all for limiting comments. We don‚Äôt have to tolerate people coming here just to show how low they can go. Personal attacks aren‚Äôt free speech.,10,2025-05-22T20:12:23Z,0,True
Ugwku-2ZYw2vGL9y3qt4AaABAg.AIRGOwXeN1hAIRXL3AJ3ln,@yeezylegit4883,@@GrayHungbut saying she‚Äôs a terrible actor is a fact.,14,2025-05-22T20:23:00Z,0,True
UgyIHk4nH5Degay1BPh4AaABAg,@bellamybomb,I think they did Bella dirty in the show- for some reason she looks so much better here and appropriate for Ellie,41,2025-05-23T15:33:15Z,3,False
UgyIHk4nH5Degay1BPh4AaABAg.AIT_yiCyoCJAIVQs60H2XR,@loshmyle,üòÇüòÇüòÇ,1,2025-05-24T08:43:27Z,0,True
UgyIHk4nH5Degay1BPh4AaABAg.AIT_yiCyoCJAIb-YfkSuNR,@brandyspain7125,You do realize that this is a fungal outbreak?,3,2025-05-26T21:59:25Z,0,True
UgyIHk4nH5Degay1BPh4AaABAg.AIT_yiCyoCJAIlODSIzSOl,@eatingketchupchips9567,"well bella is an actor in a studio with beauty lighting, and ellie is living in post-apocolyptic world where cinematic lighting is priortized.",0,2025-05-30T22:47:22Z,0,True
UgzebcqPjfTqd6FOWxl4AaABAg,@meganmoore4087,Bella is truly a superstar actor and human!!! ü§çüí´ Going to miss seeing her on television and interviews every week!!,49,2025-05-22T22:58:15Z,4,False
UgzebcqPjfTqd6FOWxl4AaABAg.AIRo64V6C1qAITwuplyl4b,@thomasrosendahl2783,Is that why the audience score sits at 39 percent Hahahaha. It was 87 percent when Pedro Pascal was the lead actor,1,2025-05-23T18:53:42Z,0,True
UgzebcqPjfTqd6FOWxl4AaABAg.AIRo64V6C1qAIZIqa_eS-1,@CaptainTrololo,"Superstar actor? 100% not.
A human? Debatable.",0,2025-05-25T20:50:18Z,0,True
UgzebcqPjfTqd6FOWxl4AaABAg.AIRo64V6C1qAIeGOWooVgz,@tars3249,@@CaptainTrololo lol bruh,0,2025-05-28T04:24:18Z,0,True
UgzebcqPjfTqd6FOWxl4AaABAg.AIRo64V6C1qAIeGUGsrcfJ,@tars3249,I'll have whatever you are smoking.,0,2025-05-28T04:25:05Z,0,True
UgxMqBqacq57nr8a98V4AaABAg,@aidenbell3935,She‚Äôs an amazing Ellie,34,2025-05-22T23:41:12Z,4,False
UgxMqBqacq57nr8a98V4AaABAg.AIRt0jmTFgSAISiYVBaS44,@davidl3083,üòÇüòÇüòÇ,13,2025-05-23T07:28:56Z,0,True
UgxMqBqacq57nr8a98V4AaABAg.AIRt0jmTFgSAITfa-oBoAb,@Dan-ji4db,Not even close,4,2025-05-23T16:22:18Z,0,True
UgxMqBqacq57nr8a98V4AaABAg.AIRt0jmTFgSAITwndS8bIK,@thomasrosendahl2783,Cailee Spaeny is the only Ellie,5,2025-05-23T18:52:43Z,0,True
UgxMqBqacq57nr8a98V4AaABAg.AIRt0jmTFgSAIn3LitgRVC,@kaneidareyue7715,"You mean ""They/Them"" ?",0,2025-05-31T14:23:29Z,0,True
Ugz8dzLJegF1hmIOGdJ4AaABAg,@AJB9806,"People take issue with Ellie not knowing triangulation. ‚ÄúI know what triangulation is. It has to do with triangles.‚Äù A smartass line that is 100% Ellie imo
She is still smart in many ways. The writers are just giving more characterization to Dina, that‚Äôs all. She‚Äôs very cerebral and logical, two things Ellie never was (she loves space and astronomy but not in a way that she ‚Äúgot‚Äù it, just appreciated it because it‚Äôs cool). Ellie is impulsive and works great under pressure (and has a little bit of plot armor). Both are smart.",60,2025-05-23T06:52:16Z,3,False
Ugz8dzLJegF1hmIOGdJ4AaABAg.AISeLus_YADAIU6rRZhbZb,@Emtrax.,No,16,2025-05-23T20:29:21Z,0,True
Ugz8dzLJegF1hmIOGdJ4AaABAg.AISeLus_YADAIUWgTS6x9d,@loshmyle,they made her dumber in show another bot,16,2025-05-24T00:15:03Z,0,True
Ugz8dzLJegF1hmIOGdJ4AaABAg.AISeLus_YADAI_ONMRaxXV,@idontplaygames3k296,The modern audience's synopsisüòÖ The list goes on........,2,2025-05-26T06:57:50Z,0,True
UgzDGHj0gYoZpHsJRwB4AaABAg,@karengeekstp3970,"I see a Bella Ramsey interview, I like instantly",60,2025-05-22T17:56:47Z,1,False
UgzDGHj0gYoZpHsJRwB4AaABAg.AIRGb36xbFpAIRSXL4C9R5,@user-Marrk,"Of course you do, because stans like you are so shallow and vapid",2,2025-05-22T19:40:59Z,0,True
UgwXKmGv66yk6ReVpJh4AaABAg,@Ïú†Ïú§Ïù¥-y7q,Bella you do a great job! Love your Ellie,175,2025-05-22T16:22:59Z,3,False
UgwXKmGv66yk6ReVpJh4AaABAg.AIR5s6BM5PoAIRS_VoIWSL,@user-Marrk,"Lol Ellie, she could be a Susan, same thing.",12,2025-05-22T19:41:25Z,0,True
UgwXKmGv66yk6ReVpJh4AaABAg.AIR5s6BM5PoAITf2Hj7-m0,@Dan-ji4db,Terrible,5,2025-05-23T16:17:34Z,0,True
UgwXKmGv66yk6ReVpJh4AaABAg.AIR5s6BM5PoAIZHs2l6cX_,@CaptainTrololo,Wrong,5,2025-05-25T20:41:45Z,0,True
UgwsB0vJZ-zp_EDJmK54AaABAg,@premobhai,Big fan of the game. I still play it to this day and I think the show is very well done. So many things we didn't get to see in the game.,38,2025-05-23T09:51:54Z,2,False
UgwsB0vJZ-zp_EDJmK54AaABAg.AISyue2uHEPAIUWdDm0YEz,@loshmyle,If u are fan of a game u wouldn't say this bad casting bad writing bad acting u'r just bot,5,2025-05-24T00:14:36Z,0,True
UgwsB0vJZ-zp_EDJmK54AaABAg.AISyue2uHEPAIV6csZymu7,@aaeena_934,@@loshmyle YES,1,2025-05-24T05:46:36Z,0,True
Ugxp78NlZvSqv353BH94AaABAg,@jamesswadlo7199,"Great Job, massive fan of the games and loved both seasons. Looking forward to part 3 and series 3",16,2025-05-27T07:58:00Z,2,False
Ugxp78NlZvSqv353BH94AaABAg.AIc42sfiy8UAIctxx24_xZ,@sanrichie1394,u did not like season 2 don‚Äôt lie üò≠,0,2025-05-27T15:40:19Z,0,True
Ugxp78NlZvSqv353BH94AaABAg.AIc42sfiy8UAIdLx78E9-J,@rolandravina1543,bot,0,2025-05-27T19:53:36Z,0,True
UgxiE821R6cIdIthF4B4AaABAg,@picoyeh2363,"Shes doing great job indeed

I can accept the both game Ellie and series Ellie, after all it‚Äôs a story by Neil and other directors 

For those hateful comments especially attacking other‚Äôs appearance? Come on, you should be ashamed of yourself‚Ä¶",12,2025-05-24T02:40:02Z,1,False
UgxiE821R6cIdIthF4B4AaABAg.AIUmHPJmSsmAIZrEb9sOW7,@loshmyle,who u lie us or urself woke activist?,0,2025-05-26T01:59:33Z,0,True
UgzeO6_BhNFKljK8Ta94AaABAg,@ems1135,I love them so much. They do an amazing representation of Ellie.,13,2025-05-23T16:15:17Z,8,False
UgzeO6_BhNFKljK8Ta94AaABAg.AITem_P_6J1AIVA4H7uUH6,@IAmGeorgeLucas,Who else besides Bella are you referring to? Ashley Johnson?,5,2025-05-24T06:16:42Z,0,True
UgzeO6_BhNFKljK8Ta94AaABAg.AITem_P_6J1AIVBRtwCp-n,@karmakiillsz,It's a bot comment,1,2025-05-24T06:28:40Z,0,True
UgzeO6_BhNFKljK8Ta94AaABAg.AITem_P_6J1AIVU-v94HSG,@PeterVenom-y9l,Bruh üíÄ,2,2025-05-24T09:10:52Z,0,True
UgzeO6_BhNFKljK8Ta94AaABAg.AITem_P_6J1AIW936xMicc,@ems1135,@@karmakiillsz no it isnt lmaoo,0,2025-05-24T15:27:02Z,0,True
UgzeO6_BhNFKljK8Ta94AaABAg.AITem_P_6J1AIW94XZ1IlV,@ems1135,@@IAmGeorgeLucas bella goes by they/them,0,2025-05-24T15:27:14Z,0,True
UgzR-fXuAz0Aw2yq9AR4AaABAg,@SimplyGimpy,"Just a cool person. Her vibes are impeccable, tbh.",68,2025-05-22T19:08:53Z,6,False
UgzR-fXuAz0Aw2yq9AR4AaABAg.AIROrEpExLwAIRSTQ6rDgi,@user-Marrk,"Lol, you watch a PR youtube video on a celeb and then you act as though you know them. Stans are the worst.",8,2025-05-22T19:40:27Z,0,True
UgzR-fXuAz0Aw2yq9AR4AaABAg.AIROrEpExLwAIRl7Dcq5Q_,@shaynedmp2001,@@user-Marrk and yet it's okay for you to assume they're bad?,5,2025-05-22T22:32:11Z,0,True
UgzR-fXuAz0Aw2yq9AR4AaABAg.AIROrEpExLwAISdnlXHfuA,@Padlock_Steve,@@user-Marrk bro your like 70 you have an alien pfp,1,2025-05-23T06:47:28Z,0,True
UgzR-fXuAz0Aw2yq9AR4AaABAg.AIROrEpExLwAISvs7gCCdW,@user-Marrk,"@@Padlock_Steve Bro it's ""you're"" and In 2024 a large box office hit was released called Alien Romulus, which also starred Cailee Spaeny who actually looks like Ellie and she can act. Alien Earth comes out in a few months time too. Maybe you need to get out of your mothers basement once in a while and educate yourself. It might make your dad proud too, if you know who he is.",4,2025-05-23T09:25:21Z,0,True
UgzR-fXuAz0Aw2yq9AR4AaABAg.AIROrEpExLwAISwPRrLxSq,@user-Marrk,"@@shaynedmp2001 I never said Bella is a bad person, I wouldn't know. I have said she is a bad Ellie, that's not an assumption it's based on viewable facts and the way they changed Ellies character in the show to make her funny and goofy... like Bella. She lacks the range and and the gravitas to pull of Ellie as she is in the game",3,2025-05-23T09:30:02Z,0,True
Ugykyo8u5NRTufRltV54AaABAg,@JChap88,A lot unnecessary hate but what‚Äôs new with social media. Get a life and stop being hateful.,104,2025-05-22T18:28:45Z,14,False
Ugykyo8u5NRTufRltV54AaABAg.AIRKGJ59-2IAIRMXSioHto,@luffirton,"It‚Äôs like why even go here. If you hate on her acting, just forget about her. Move on to something positive and fun, this is become obsession to hate on her for some people. Very strange behavior.",14,2025-05-22T18:48:35Z,0,True
Ugykyo8u5NRTufRltV54AaABAg.AIRKGJ59-2IAIRXQ354T6M,@yeezylegit4883,@@luffirton it‚Äôs called freedom of speech,23,2025-05-22T20:23:41Z,0,True
Ugykyo8u5NRTufRltV54AaABAg.AIRKGJ59-2IAIS-JSMgBSS,@funkdahmental,"@@yeezylegit4883 yeah, freedom to act like a weirdo. you could just let it go instead of OBSESSING over this child. srsly, fking weird dude. i see you replying to other comments as well. you may need help.",0,2025-05-23T00:44:56Z,0,True
Ugykyo8u5NRTufRltV54AaABAg.AIRKGJ59-2IAIS44qcvXRz,@loshmyle,It's pretty much necessary or they will never stop. Getting job because u come out as non-binary and HBO connections? To ruin beloved gaming character? Not supporting hate based on appearance everything else is well deserved !,6,2025-05-23T01:26:38Z,0,True
Ugykyo8u5NRTufRltV54AaABAg.AIRKGJ59-2IAIT99Fku4uv,@dazsnitj7310,ü•î üç† ü•î üç†,0,2025-05-23T11:30:10Z,0,True
UgzJNSh0sy903sAs7Hh4AaABAg,@VictortthegreatWW,Why is everyone being so horrible to Bella? They said it themselves the creators of the show wanted an adaptation of the game - not a replica. Bella is not meant to be exactly like the character in the game.,15,2025-05-23T02:21:29Z,4,False
UgzJNSh0sy903sAs7Hh4AaABAg.AISAMgpM8_CAIT9L4_U5c7,@NobleEagle,"Nobody is talking abt her looks, its her acting! Have you even seen the show yet? She doesnt come across as some hardcore mean girl that could ploy through horde of zombies or a platoon of well trained soldiers...Her fight choreograph were poorly directed, they seems so fake n unbelievable. Most of the time she walk around with flawless clean face and spotless dirtfree clothing and we suppose to believe she is in a zombie post-apocalyptic world? And she is always acting too giddy n happy like on a summer vacation camp with Dina instead of a revenge quest...wheres the agony, remorse, sadness but she could gleefully exclaim:""Im gonna be a dad!"" ?? When you fking father figure you loved so much got brutally murdered, this is how you react? She lacks the acting range and is badly poorly directed by Neil.",8,2025-05-23T11:31:46Z,0,True
UgzJNSh0sy903sAs7Hh4AaABAg.AISAMgpM8_CAITx476hH9x,@thomasrosendahl2783,"I have seen a lot of comments, about Bella being unattractive. Let us be honest here, look sells with any visual medium. Cailee Spaeny could have saved the show.",1,2025-05-23T18:55:06Z,0,True
UgzJNSh0sy903sAs7Hh4AaABAg.AISAMgpM8_CAIU8c36JPuG,@KensDreaming,‚Äã@thomasrosendahl2783  let's be honest. She's a terrible actor.,0,2025-05-23T20:44:44Z,0,True
UgzJNSh0sy903sAs7Hh4AaABAg.AISAMgpM8_CAIUY_Z4mbqY,@loshmyle,@@NobleEagle it's both to be honest u can't cast me to act in Bradd Pitt biopic can u?,1,2025-05-24T00:31:35Z,0,True
UgyQ3tDrBfechI5ZASd4AaABAg,@Mian_tlou,Such a great interview. I love Bella personality,8,2025-05-23T13:09:35Z,0,False
Ugxc446W2JMdKvcU2B94AaABAg,@mercurywitchy,"""They were very keen on it being an adaptation and not a replica."" a message for all the people complaining about the show rn!",12,2025-05-24T07:43:11Z,0,False
UgwMy6s1WiAtgIVLi6V4AaABAg,@hotcakez4814,If y‚Äôall hate her then why watch this video wtf.oh well ü§∑‚Äç‚ôÇÔ∏è,64,2025-05-22T16:04:17Z,8,False
UgwMy6s1WiAtgIVLi6V4AaABAg.AIR3j6peVlJAIR46ogk1PF,@Omar_Little,I don't hate them. I just think they're really really bad at acting.,19,2025-05-22T16:07:39Z,0,True
UgwMy6s1WiAtgIVLi6V4AaABAg.AIR3j6peVlJAIR5tG2jqnx,@marianagomez8566,@@Omar_Littleso what are u doing here in a video about her acting lmao,15,2025-05-22T16:23:08Z,0,True
UgwMy6s1WiAtgIVLi6V4AaABAg.AIR3j6peVlJAIR66Nr3VJ6,@plamen-vt,@@marianagomez8566 Because we all wanted this show to be great. But I'm gonna be a dad...,6,2025-05-22T16:25:04Z,0,True
UgwMy6s1WiAtgIVLi6V4AaABAg.AIR3j6peVlJAIR6wipu8Li,@marianagomez8566,@@plamen-vtoh ur mad mad and obsessed lmao must be sad to be u rnüò≠,14,2025-05-22T16:32:21Z,0,True
UgwMy6s1WiAtgIVLi6V4AaABAg.AIR3j6peVlJAIRHZz_m9Cx,@multicooldude131,Nothing but show watchers who‚Äôve never played the game in these comments,2,2025-05-22T18:05:14Z,0,True
UgxOls-jxmEnGwEaAZp4AaABAg,@sorp1zza,To be born the daughter of a HBO exec....thats it.  The end.,68,2025-05-25T19:20:16Z,5,False
UgxOls-jxmEnGwEaAZp4AaABAg.AIZ8YD2gcepAIZq2OfOaD9,@loshmyle,Don't forget non-binary woke thing,4,2025-05-26T01:49:09Z,0,True
UgxOls-jxmEnGwEaAZp4AaABAg.AIZ8YD2gcepAI_n_2ph993,@iJustWannaRoxk,Wow it all makes sense now‚Ä¶ another Hollywood nepo baby üòÇ,11,2025-05-26T10:46:46Z,0,True
UgxOls-jxmEnGwEaAZp4AaABAg.AIZ8YD2gcepAIaDPOwPX_u,@viteksvoboda,That is simply not true.,7,2025-05-26T14:41:14Z,0,True
UgxOls-jxmEnGwEaAZp4AaABAg.AIZ8YD2gcepAIaFaHKwuOe,@sorp1zza,‚Äã@@viteksvoboda that it's simple üíØ truth,0,2025-05-26T15:00:20Z,0,True
UgxOls-jxmEnGwEaAZp4AaABAg.AIZ8YD2gcepAIbc0-fjnbP,@Abby-th8ur,@@iJustWannaRoxkthats not true. just a rumor. Her parents aren‚Äôt in the entertainment industry. You can search it up yourself instead of listening to a hater who is intentionally spreading false information.,5,2025-05-27T03:44:12Z,0,True
Ugy6ZB0ap32vHMWZrVd4AaABAg,@julianamelo6348,i love bella so much,16,2025-05-23T11:48:46Z,2,False
Ugy6ZB0ap32vHMWZrVd4AaABAg.AITBHWKDYHiAITVDOFv7D8,@jdiggidydog,Bot,1,2025-05-23T14:42:58Z,0,True
Ugy6ZB0ap32vHMWZrVd4AaABAg.AITBHWKDYHiAIT_aRPfT60,@julianamelo6348,"@@jdiggidydogyes, you‚Äôre",0,2025-05-23T15:29:56Z,0,True
Ugx-HHPLHBn7SzEThft4AaABAg,@tshegofatsomanaka9859,"I love their acting in this and many other shows. I cant believe how fast this season went by, I am not ready to say bye to Dellie for 2 years.",22,2025-05-23T09:11:59Z,1,False
Ugx-HHPLHBn7SzEThft4AaABAg.AISuLBy-yDgAITVHGbOdfF,@jdiggidydog,Bot,2,2025-05-23T14:43:29Z,0,True
Ugz69rLVymyVFyTTh2l4AaABAg,@rootedm00n,"3:02 just a different human embodying this person, of course they‚Äôre gonna be different but they can still have the same spirit",22,2025-05-24T15:19:51Z,2,False
Ugz69rLVymyVFyTTh2l4AaABAg.AIW8ERhmvJqAIZqr13JryU,@loshmyle,human embodying of WOKENESS,1,2025-05-26T01:56:11Z,0,True
Ugz69rLVymyVFyTTh2l4AaABAg.AIW8ERhmvJqAIajSuQznOa,@burdawg3000,She doesn‚Äôt,0,2025-05-26T19:30:05Z,0,True
UgyBr3anXYZWQlamEWt4AaABAg,@urgray4212,She was so bad as Ellie. One of the worst casting choices OF ALL TIME,135,2025-05-22T16:01:23Z,20,False
UgyBr3anXYZWQlamEWt4AaABAg.AIR3OuO5HDQAIR3uipGggF,@joshgrobansdrymouth,Why?,12,2025-05-22T16:05:52Z,0,True
UgyBr3anXYZWQlamEWt4AaABAg.AIR3OuO5HDQAIR71PNFvm5,@TamePistachio,@joshgrobansdrymouth She‚Äôs a terrible actress and people are using a magnifying glass because 1) they already didn‚Äôt like her face so the acting had to make up for it 2) she‚Äôs a woman.,0,2025-05-22T16:33:08Z,0,True
UgyBr3anXYZWQlamEWt4AaABAg.AIR3OuO5HDQAIR9gF70rzM,@TheNotoriousKID,@joshgrobansdrymouthhave you played the game? Or seen it online perhaps?? Then have you seen the show?? That‚Äôs why.,6,2025-05-22T16:56:19Z,0,True
UgyBr3anXYZWQlamEWt4AaABAg.AIR3OuO5HDQAIRA7VznLQM,@joshgrobansdrymouth,‚Å†@@TheNotoriousKIDwow you didn‚Äôt give any real reasons lmao. Yes I played both games in their release year and have seen the show. So why was she one of the worst casting choices of all time? Concrete reasons now‚Ä¶. üòÇ,20,2025-05-22T17:00:10Z,0,True
UgyBr3anXYZWQlamEWt4AaABAg.AIR3OuO5HDQAIRCR886LhU,@homeland1128,Cry about it,5,2025-05-22T17:20:20Z,0,True
UgztWccSjs6Y6GbC84h4AaABAg,@48Hybrid70,"Bella isn‚Äôt just a vibe, she‚Äôs all the vibes",31,2025-05-22T22:29:08Z,9,False
UgztWccSjs6Y6GbC84h4AaABAg.AIRklpwVJKbAIRkvzBmOSU,@shaynedmp2001,*they. But i totally agree,1,2025-05-22T22:30:31Z,0,True
UgztWccSjs6Y6GbC84h4AaABAg.AIRklpwVJKbAIRlFL59Yl4,@nicknickson3650,@@shaynedmp2001 stfu it's clearly a female,1,2025-05-22T22:33:18Z,0,True
UgztWccSjs6Y6GbC84h4AaABAg.AIRklpwVJKbAIRzIOVSGPn,@logicalreasoning9002,ü•Äü•Äü•Äü•îü•îü•î,2,2025-05-23T00:36:03Z,0,True
UgztWccSjs6Y6GbC84h4AaABAg.AIRklpwVJKbAISFOLEhAwa,@trolo127florida,"@@shaynedmp2001 She said in a recent interview that you can call her by any pronoun. So  ""she"" is all the vibes!",1,2025-05-23T03:05:24Z,0,True
UgztWccSjs6Y6GbC84h4AaABAg.AIRklpwVJKbAISKzWNqR6X,@shaynedmp2001,"@@trolo127florida oh, if so that's awesome",1,2025-05-23T03:54:18Z,0,True
Ugyb6UqlM1JoNonX59l4AaABAg,@emonacloud,we love you bella ! <33,11,2025-05-22T21:19:11Z,0,False
UgzHcfgAFcme18G96OV4AaABAg,@intoyouuuu,I love bella,23,2025-05-23T02:37:01Z,0,False
Ugzyj-ychL72ihdVBSZ4AaABAg,@murphylaw8803,I think she‚Äôs doing a wonderful job playing Ellie‚ù§,6,2025-05-24T01:43:56Z,0,False
Ugx6PjXWYDHpqwmgd5V4AaABAg,@julianunezb,she's so adorable and talented!!!,17,2025-05-23T04:25:36Z,3,False
Ugx6PjXWYDHpqwmgd5V4AaABAg.AISOZeLWWfdAIT2lI6VQ1n,@Rebe-Caufman,"üòÇüòÇüòÇüòÇ, yes, like  a bottle of beer",6,2025-05-23T10:34:19Z,0,True
Ugx6PjXWYDHpqwmgd5V4AaABAg.AISOZeLWWfdAIUYVOZjGY4,@loshmyle,Like a potato,3,2025-05-24T00:30:52Z,0,True
Ugx6PjXWYDHpqwmgd5V4AaABAg.AISOZeLWWfdAIV9JMG0XtB,@nan4800_n,"@@loshmyle keep saying what ever you want about her in the comments, nothing going to change that she's Ellie.",0,2025-05-24T06:10:01Z,0,True
UgwpcfNEKfE2AT5dU894AaABAg,@ruihuang7501,ÊàëÂæàÂñúÊ¨¢bellaÁöÑË°®ÊºîÔºå‰πüÂñúÊ¨¢ÁúãÂ•πÁöÑÈááËÆøÂ•πÁöÑËã±ÂõΩËÖîÂæàÂ•ΩÂê¨Ôºå‰Ωú‰∏∫ÈùûÊ∏∏ÊàèÁ≤âËßâÂæóÁ¨¨‰∫åÂ≠£ÂæàÊ£íÔºå‰ΩÜ‰ºº‰πéÊúâ‰∫õ‰∫∫Êä±ÊÄ®ÁºñÂâßÊääËâæËéâÊîπÂæóÂæàÊÑöË†¢Á≤óÈ≤ÅÂÜ≤Âä®‰∏îÊ≠¶ÂäõÂÄºÂæà‰ΩéÔºå‰Ω†‰ª¨ÂèØ‰ª•ÂàÜÊûêËâæËéâÁöÑÊÄßÊ†ºÂ•Ω‰∏çÂ•Ω‰ΩÜÊòØ‰∏äÂçáÂà∞ÂØπÊºîÂëòÁöÑ‰∫∫Ë∫´ÊîªÂáªÂíåÂêÑÁßçÊÅ∂ÊÑèÂà∂‰ΩúÊâ≠Êõ≤ÁÖßÁâáÁúüÁöÑÊòØÂæàÁ≥üÁ≥ïÁöÑ‰∫ãÊÉÖ„ÄÇÊàëËßâÂæóËøô‰∫õ‰ªáÊÅ®ËÄÖ‰∏çÂÄºÂæóË¢´ÂéüË∞ÖÔºÅÂõ†ÊûúÊä•Â∫îÊàëÂ∏åÊúõ‰ªñ‰ª¨Ëá™Â∑±‰πüÊÑüÂèó‰∏Ä‰∏ãÁΩëÁªúÊ¨∫ÂáåÊÑüÂèóË¢´‰∫∫Ë∫´ÊîªÂáªË¢´Ê≠ª‰∫°Â®ÅËÉÅÁöÑÊªãÂë≥ÔºÅ(5Êúà29Êó•ÔºöÂ§ßÁªìÂ±ÄÂ§™Â∑Æ‰∫ÜÁºñÂâßÂÜôÊàêelieÊòØÊó†ËÉΩËÄÖËÄåabbyÊòØË•øÈõÖÂõæÈ¢ÜË¢ñÔºü‰ªÄ‰πàÈ¨º„ÄÇ„ÄÇ„ÄÇÔºâ,65,2025-05-22T23:40:36Z,8,False
UgwpcfNEKfE2AT5dU894AaABAg.AIRsxI_M42pAITrhda-wwE,@genericguy_,so hbo got chinese bots posting +ve comments on this üò≠üò≠,2,2025-05-23T18:08:12Z,0,True
UgwpcfNEKfE2AT5dU894AaABAg.AIRsxI_M42pAIUxrQZuFNF,@ruihuang7501,@@genericguy_ ËøôÈáåÊ≤°ÊúâHBOÔºå‰ΩÜÊúâÂâßËø∑ÂíåÊ∏∏ÊàèÁ≤â‰∏ùÊúÄÂü∫Êú¨ÁöÑËâØÁü•ÂíåÁêÜÊÄß,6,2025-05-24T04:21:12Z,0,True
UgwpcfNEKfE2AT5dU894AaABAg.AIRsxI_M42pAIV9b868HK5,@nan4800_n,"@@genericguy_ so if anyone saying something nice become a ""bot""! wow",3,2025-05-24T06:12:35Z,0,True
UgwpcfNEKfE2AT5dU894AaABAg.AIRsxI_M42pAIWhviJpKVL,@user-ev2gv9zk2t,So hen ai bing qi ling,1,2025-05-24T20:40:28Z,0,True
UgwpcfNEKfE2AT5dU894AaABAg.AIRsxI_M42pAIa7lcHD5t4,@sweatydrug437,‚ÄúË°®Êºî‚ÄùÂú®Âì™ÔºüLOL,0,2025-05-26T13:51:59Z,0,True
Ugy6T7S92Ej0Sck38wt4AaABAg,@MattsGamblingSlots,She is the Rebecca Black of this era.  Talented but getting screwed up and shamed on for her just doing her job,12,2025-05-29T05:12:06Z,6,False
Ugy6T7S92Ej0Sck38wt4AaABAg.AIgve_P5zTzAIi005_o2tN,@mariopane4966,"What are you talking about? She seems to have only 2 facial expressions, angry or stupid. She also stares into space without showing any emotion as if she was looking into a refrigerator or microwave. If she is doing her job, then she leaves a lot to be desired.",5,2025-05-29T15:18:07Z,0,True
Ugy6T7S92Ej0Sck38wt4AaABAg.AIgve_P5zTzAIi4T0v4myW,@MattsGamblingSlots,"‚Äã‚Äã@@mariopane4966Then that's on the casting and the director, not her.  Do i agree with her being casted as Ellie, no.  But i dislike the amount of hate that she's been getting",2,2025-05-29T15:57:01Z,0,True
Ugy6T7S92Ej0Sck38wt4AaABAg.AIgve_P5zTzAIkKj3YPDmv,@MattsGamblingSlots,Dont know how you got 5 likes for the comment,1,2025-05-30T12:57:38Z,0,True
Ugy6T7S92Ej0Sck38wt4AaABAg.AIgve_P5zTzAIkMsEp9C5f,@mariopane4966,"@@MattsGamblingSlotsidk, ask them.",0,2025-05-30T13:16:22Z,0,True
Ugy6T7S92Ej0Sck38wt4AaABAg.AIgve_P5zTzAIn4YKRa6gw,@kaneidareyue7715,"Her job was to not attend the auditions, not accepting the casting and listen to the fanbase. This is the fault of the producers as well. She lacks the range to be the leading actress to carry this show. Every single failed adaptations are due poor casting, poor writing and lack of respect to the original storyline nor listening to the original fan.",0,2025-05-31T14:33:56Z,0,True
Ugz3yuvXWhMsE2SSffF4AaABAg,@p.i20391,bella seems so sweet they‚Äôre so cute,11,2025-05-22T23:40:28Z,0,False
UgzwLGhso64akvF6XTJ4AaABAg,@DiDiMacedoBR,"She's not a bad actress, but with that said, the truth is that she doesn't resemble Ellie at all. And yes, for the majority of the game's audience, this really matters.",54,2025-05-22T17:46:47Z,11,False
UgzwLGhso64akvF6XTJ4AaABAg.AIRFSrYi4oUAIRHFu8EpTn,@RobertLivingston828,Why,4,2025-05-22T18:02:29Z,0,True
UgzwLGhso64akvF6XTJ4AaABAg.AIRFSrYi4oUAIRI2M9hH2-,@Bert√¥1YTÁ•û,@@RobertLivingston828Bro is like you having a Black Goku in a live action DBZ . Totally out of character,2,2025-05-22T18:09:23Z,0,True
UgzwLGhso64akvF6XTJ4AaABAg.AIRFSrYi4oUAIROc_dTAUK,@spoofy9759,"Actually, most gamers don‚Äôt care about how the actors look, we care on how they act. 

What you are saying makes zero sense.. because none of the actors look like the videogame characters üòÖ NONE.",5,2025-05-22T19:06:53Z,0,True
UgzwLGhso64akvF6XTJ4AaABAg.AIRFSrYi4oUAIRTERvxwb5,@user-Marrk,"@@spoofy9759 Funny because Bella acts nothing like Ellie either. She has become the comic relief side character, completely different to the serious, vengeful Ellie of the game. And you stans just guzzle it down and ask for more. Sad.",8,2025-05-22T19:47:09Z,0,True
UgzwLGhso64akvF6XTJ4AaABAg.AIRFSrYi4oUAIRUzX9zd5X,@Bert√¥1YTÁ•û,"@@spoofy9759NOT TRUE, also if the characters does not look like the ones in the game that‚Äôs the producers fault because there are plenty actors out there that could be better options",3,2025-05-22T20:02:27Z,0,True
Ugx63ujXQeinyAQ7DbR4AaABAg,@safwan8270,Comments are bots,5,2025-05-23T08:04:37Z,0,False
UgxTsC_G7-gCUQxgWFJ4AaABAg,@kingkaizer9791,Not Ellie.,44,2025-05-25T15:36:23Z,2,False
UgxTsC_G7-gCUQxgWFJ4AaABAg.AIYjvQNew9jAIi-bBZ35i6,@logan.notes254,Your mom is not too,0,2025-05-29T15:14:35Z,0,True
UgxTsC_G7-gCUQxgWFJ4AaABAg.AIYjvQNew9jAIjZz1uNW7Z,@kingkaizer9791,@@logan.notes254 Mom insults are only used by losers. You just revealed what you are now üòÇ,0,2025-05-30T05:51:39Z,0,True
UgxTP-sgLJSqNp6wSg14AaABAg,@YassinAdam,"Great Job, Bella!",5,2025-05-23T20:07:37Z,1,False
UgxTP-sgLJSqNp6wSg14AaABAg.AIU4NF91O73AIU4d5OqTwc,@YassinAdam,"Power to her. I don't get the wave of hatred, especially considering that this is the first time and it's during the second season.",1,2025-05-23T20:09:55Z,0,True
UgycvJzCzqsezUnsKNN4AaABAg,@Kiitosxiexie,Bella is perfect! ‚ù§‚ù§,19,2025-05-23T05:14:39Z,0,False
Ugy7Fypvsa0tCe-wugp4AaABAg,@RichardWingo,Anyone defending her portrayal of Ellie in s2 is utterly delusional,17,2025-05-23T05:18:04Z,2,False
Ugy7Fypvsa0tCe-wugp4AaABAg.AISUZxSJbnrAIS_fIUnEYy,@Padlock_Steve,jar jar paradox,0,2025-05-23T06:11:21Z,0,True
Ugy7Fypvsa0tCe-wugp4AaABAg.AISUZxSJbnrAISnYKhQu_H,@spadesofpaintstudios1719,"She‚Äôs really not that bad honestly, a lot of it is the script",1,2025-05-23T08:12:36Z,0,True
UgxLKVkP5zWE_qJzeSJ4AaABAg,@Matt561,Such a great performance,9,2025-05-23T00:42:48Z,0,False
UgzlBwXkuj_KMTMCUlh4AaABAg,@slitheringsloth,They're doing a great job as Ellie!,14,2025-05-22T23:25:29Z,1,False
UgzlBwXkuj_KMTMCUlh4AaABAg.AIRrDbW4oFIAIT7RRtNtkg,@Leenroc,she is not!,4,2025-05-23T11:15:10Z,0,True
UgwywCN11GAJCS5Z8w54AaABAg,@abrillt,the best ‚ù§,8,2025-05-22T20:52:10Z,0,False
UgyXQuEnez5-zp7SmwJ4AaABAg,@coleche7117,One of the most brilliant multitalented kindest actress of their generation,4,2025-05-24T13:45:29Z,0,False
Ugx4io-TXuiL_KD5NUJ4AaABAg,@ITACA841,"I love them, they're great ‚ù§‚ù§‚ù§",19,2025-05-22T19:30:58Z,0,False
UgyvziG1HnXwDz0G9Qd4AaABAg,@pipiola707,Bella you are amazing,8,2025-05-22T21:21:32Z,0,False
UgxTknSHuNL0_htuQiV4AaABAg,@joshgrobansdrymouth,Here come all the incels with their middle school insults‚Ä¶,80,2025-05-22T16:12:16Z,9,False
UgxTknSHuNL0_htuQiV4AaABAg.AIR4ddyxoKjAIR5urO3pvV,@joshgrobansdrymouth,"@@priyanshusharma1812wow, talk about the most low level kindergarten insult. ‚Äúnot gonna let you hit‚Äù is like the most common incel retort. You‚Äôre so dumb and unaware lmao",0,2025-05-22T16:23:21Z,0,True
UgxTknSHuNL0_htuQiV4AaABAg.AIR4ddyxoKjAIRJ-dEKZ9w,@justnahayo8490,üòÇüòÇüòÇ,0,2025-05-22T18:17:45Z,0,True
UgxTknSHuNL0_htuQiV4AaABAg.AIR4ddyxoKjAIRJ4ghMP7t,@fraugiblets6955,"Alongside reasonable criticism, that's allowed, you know.",15,2025-05-22T18:18:26Z,0,True
UgxTknSHuNL0_htuQiV4AaABAg.AIR4ddyxoKjAIRSuJQHlml,@user-Marrk,"By your logic, you must be the white knight stan, how sad.",6,2025-05-22T19:44:16Z,0,True
UgxTknSHuNL0_htuQiV4AaABAg.AIR4ddyxoKjAIRWUtUJejZ,@joshgrobansdrymouth,@@fraugiblets6955except 90% has been middle school level insults just calling the actor ugly,3,2025-05-22T20:15:36Z,0,True
UgwQVX3wXeCrssNwnuN4AaABAg,@WatchMeBIink,AND THATS WHY SHES OUR ELLIE!! I look forward to seeing her continue playing Ellie!!!,7,2025-05-23T17:16:26Z,1,False
UgwQVX3wXeCrssNwnuN4AaABAg.AITlmSFCa53AIgRn3qj76x,@SlashinatorZ,"I've never played the game but I'm offended on behalf the fans. I know what its like to see a striking waifu get cast by girls who look or act nothing like the characters. 
Total nepotism or diversity hire on her part.",0,2025-05-29T00:42:23Z,0,True
UgwoEnERJBQQNpXP75l4AaABAg,@joanne_gls8348,Bella they could never make me hate you ‚ù§,9,2025-05-23T12:39:04Z,4,False
UgwoEnERJBQQNpXP75l4AaABAg.AITH1wjTTQvAITV61o6Nr5,@jdiggidydog,Bot,3,2025-05-23T14:41:57Z,0,True
UgwoEnERJBQQNpXP75l4AaABAg.AITH1wjTTQvAIU1pG5qkvR,@viperkillz_jdm7314,No one is trying to make you hate her.  Everyone has their own opinions and express them disgustingly but don‚Äôt get it twisted. Bot,1,2025-05-23T19:45:22Z,0,True
UgwoEnERJBQQNpXP75l4AaABAg.AITH1wjTTQvAIUY1yq4tUx,@loshmyle,@@viperkillz_jdm7314 bro it's a woke cult glaze and calling her they then they gonna play victims when someone hate,0,2025-05-24T00:26:52Z,0,True
UgwoEnERJBQQNpXP75l4AaABAg.AITH1wjTTQvAIVE-EVrccz,@joanne_gls8348,Keep cryin' loser ‚Äã@@viperkillz_jdm7314,0,2025-05-24T06:50:58Z,0,True
Ugz3-908MrYDNWqcosx4AaABAg,@Hami8892,"I love Bella. Bella is talented, cute, beautiful, and handsome too ü•∞ü•∞",48,2025-05-23T11:31:51Z,5,False
Ugz3-908MrYDNWqcosx4AaABAg.AIT9LdtZ7FEAITVFAFRMGZ,@jdiggidydog,Bot,11,2025-05-23T14:43:12Z,0,True
Ugz3-908MrYDNWqcosx4AaABAg.AIT9LdtZ7FEAIV38PlbQrl,@OGharambelivesgaming,And she's gonna become a dad ‚ù§‚ù§‚ù§,4,2025-05-24T05:16:06Z,0,True
Ugz3-908MrYDNWqcosx4AaABAg.AIT9LdtZ7FEAIVBE3Z1Cyw,@karmakiillsz,"Beautiful and handsome lmao what a bot comment ,",6,2025-05-24T06:26:46Z,0,True
Ugz3-908MrYDNWqcosx4AaABAg.AIT9LdtZ7FEAIVRYpk0JZs,@Rebe-Caufman,üòÇüòÇüòÇüòÇüòÇüòÇ,1,2025-05-24T08:49:25Z,0,True
Ugz3-908MrYDNWqcosx4AaABAg.AIT9LdtZ7FEAIgpeyn8XSW,@Hami8892,that's my opinion üòäüòä,0,2025-05-29T04:19:44Z,0,True
UgxtXysuoq1yn1IICst4AaABAg,@taetoro,"2:51 - 3:11 & 4:25 - 4:43
say louder to them who keep complain Bella, you are great actor, don't let them say otherwise üòå‚ù§",5,2025-05-23T07:48:28Z,1,False
UgxtXysuoq1yn1IICst4AaABAg.AISkmZ8oFNwAITV0ZKPKDj,@jdiggidydog,Bot,1,2025-05-23T14:41:13Z,0,True
Ugx0CLJ3rihzok59ntJ4AaABAg,@natalia.eliass,"i looove bella as Ellie, thank you for existing my DIVA‚ù§Ô∏è",8,2025-05-22T20:24:40Z,0,False
Ugx-uRgZp6ELo2VLOyl4AaABAg,@aidenblogs6209,I love Bella ü•∞,10,2025-05-22T20:07:11Z,8,False
Ugx-uRgZp6ELo2VLOyl4AaABAg.AIRVX9aFh4IAIRX9R1a6Kp,@yeezylegit4883,Said no one ever.,2,2025-05-22T20:21:25Z,0,True
Ugx-uRgZp6ELo2VLOyl4AaABAg.AIRVX9aFh4IAIRfKwXqnei,@clintonswaim,@@yeezylegit4883I mean‚Ä¶ this person literally just said it,0,2025-05-22T21:41:38Z,0,True
Ugx-uRgZp6ELo2VLOyl4AaABAg.AIRVX9aFh4IAITJ0cChvNd,@yeezylegit4883,@@clintonswaim this isn‚Äôt a real person though it‚Äôs a bot,0,2025-05-23T12:56:22Z,0,True
Ugx-uRgZp6ELo2VLOyl4AaABAg.AIRVX9aFh4IAITJXvs7tHp,@aidenblogs6209,"‚Äã@@yeezylegit4883bro why so mad? 
I really love Bella, such a cool person",0,2025-05-23T13:00:55Z,0,True
Ugx-uRgZp6ELo2VLOyl4AaABAg.AIRVX9aFh4IAITLgAWkJHK,@yeezylegit4883,@@aidenblogs6209 even that sounded like a bot,1,2025-05-23T13:19:39Z,0,True
UgzFmj8VSlsOCXm4tSJ4AaABAg,@spycheck,Worst casting of all time I‚Äôm sorry,18,2025-05-26T06:36:54Z,0,False
UgwkYLxUp6Jpm3dUiqx4AaABAg,@Â£πÁï™,Áà±‰Ω† Bella Ramsey ÁúüÁöÑÊòØÊâçÂçéÊ®™Ê∫¢‰∏îÂØπ‰∏ì‰∏öÂçÅÂàÜËÆ§ÁúüÂà∞ÁªÜËäÇÁöÑÊñ∞Áîü‰ª£ÊºîÂëò,9,2025-05-23T03:54:22Z,2,False
UgwkYLxUp6Jpm3dUiqx4AaABAg.AISKzz173b-AIheIzTBl5t,@tallchief22,ok Mr Chinese bot,0,2025-05-29T11:59:43Z,0,True
UgwkYLxUp6Jpm3dUiqx4AaABAg.AISKzz173b-AIkqOuOvbmB,@Â£πÁï™,"@@tallchief22 üòãomg, cave-brained racist with nothing better to do ‚Äî must be exhausting waking up just to be ignorant.",0,2025-05-30T17:43:06Z,0,True
UgzGtd3_c8e8qruiHt14AaABAg,@Gen_-6012,Why are people so mean to her?,46,2025-05-22T16:31:44Z,4,False
UgzGtd3_c8e8qruiHt14AaABAg.AIR6sDJJq3VAIR9fHFrAij,@Ichigo-jr2dt,"because she is not suited for a Main character role, and most people used to think that Joel would be the true MC since they didnt play the game. Now they feel stuck with Bella and get frustated. Which make sense",15,2025-05-22T16:56:11Z,0,True
UgzGtd3_c8e8qruiHt14AaABAg.AIR6sDJJq3VAIRLd5vr1HF,@stoneytheclown,Some people don't like potatoes,8,2025-05-22T18:40:45Z,0,True
UgzGtd3_c8e8qruiHt14AaABAg.AIR6sDJJq3VAIROkyQNwxH,@pavleokic6807,"@@Ichigo-jr2dtSo, that is not enough reason to call her those things. Please read your response out loud and hear how foolish you sound.ü§¶‚Äç‚ôÇÔ∏è",14,2025-05-22T19:08:02Z,0,True
UgzGtd3_c8e8qruiHt14AaABAg.AIR6sDJJq3VAIRwwtSvXWJ,@imaclown-vt1zx,the internet is a terrible terrible place.,3,2025-05-23T00:15:30Z,0,True
Ugx4oUbo8v9epj3ZIHV4AaABAg,@liquid228,"""Everything she did..."" and she did like nothing lmaoüòÇ",11,2025-05-24T10:11:52Z,0,False
UgxkxkwA894UOEmNt4J4AaABAg,@FishCoaching77,That jacket and shirt combo is super aesthetic,1,2025-05-28T22:16:49Z,1,False
UgxkxkwA894UOEmNt4J4AaABAg.AIgB7w-NtT4AIlFooJFos2,@hegaukatze1599,Yes,0,2025-05-30T21:33:58Z,0,True
UgxGtOCrBXR4DwoIfL54AaABAg,@willow_does_stuff16,bro bella is such a great actor idk why people hate them lmao ToT cant wait for s3,0,2025-05-31T15:32:44Z,0,False
UgyFBiKCpk9U5DOBdFt4AaABAg,@Triskaan,Bella's amazing. :),39,2025-05-22T17:00:02Z,1,False
UgyFBiKCpk9U5DOBdFt4AaABAg.AIRA6TDMUj-AIgT9RmwU32,@SlashinatorZ,So why not someone gorgeous like Ever Anderson to play her instead?,0,2025-05-29T00:54:19Z,0,True
Ugw1x9Sszbu-eZUE8tl4AaABAg,@kevinpalazzola,"Loved your performance Bella, excited for season 3!",1,2025-05-26T13:24:37Z,0,False
UgzkQffGPxLEvgHwdhV4AaABAg,@FinalGirlFridays,"Sweet girl , but there‚Äôs nothing that compares to game Ellie - that‚Äôs being the most respectful as possible , Game > Show the story was perfect. 

Who‚Äôs excited for The Last of us Part III?",5,2025-05-23T19:55:46Z,0,False
UgwNwf54-kU2gZRWoql4AaABAg,@711mariokart,HBO Its not too late to recast for Season 3... Give Cailee Spaeny  a call,1,2025-05-27T23:01:26Z,0,False
UgxS7laqZo3gF5Ex5Bd4AaABAg,@wulfrache,"Nothing, she did nothing. Could not even be bothered to go on a diet ffs.",11,2025-05-24T18:30:17Z,0,False
Ugy989kDBN0V0vZeNtp4AaABAg,@brendanjones3235,She did everything but learn how to act.,9,2025-05-24T16:57:59Z,0,False
Ugxf8J7WfzhyFBxnY-x4AaABAg,@jenniferwelch4299,She's an amazing actor! I can't wait to see her in other roles. I'm definitely a fan!,0,2025-05-27T16:02:33Z,0,False
UgxHQuzwAhaTGqlZFAF4AaABAg,@Strafuzz,I like her,6,2025-05-23T06:19:36Z,1,False
UgxHQuzwAhaTGqlZFAF4AaABAg.AISabgWzJivAITVJu1pd8-,@jdiggidydog,Bot,0,2025-05-23T14:43:51Z,0,True
UgzlCBPDj-9PzMsXdWZ4AaABAg,@smcdonough1427,"She didn't do anything to become Ellie because she isn't Ellie in the show. She's nothing like her. She's just playing herself doing a bad American accent. Awful actress, worst casting blunder of the 21st century",14,2025-05-25T03:41:09Z,2,False
UgzlCBPDj-9PzMsXdWZ4AaABAg.AIXT3t5U2tCAIZq_L9PMki,@loshmyle,Because mommy and daddy have HBO connections and whole purpose of project was to push woke agenda,2,2025-05-26T01:53:47Z,0,True
UgzlCBPDj-9PzMsXdWZ4AaABAg.AIXT3t5U2tCAIgRM_fFsKa,@SlashinatorZ,Rosie O'Donnell as Betty rubble all over again,1,2025-05-29T00:38:38Z,0,True
UgwGW37dQtiHTw5VihF4AaABAg,@sherlockholmes12385,Love you Bella ‚ù§‚ù§‚ù§,11,2025-05-22T21:42:58Z,2,False
UgwGW37dQtiHTw5VihF4AaABAg.AIRfUjHHM8FAIgRpRlptU2,@SlashinatorZ,Another bot,0,2025-05-29T00:42:42Z,0,True
UgwGW37dQtiHTw5VihF4AaABAg.AIRfUjHHM8FAIgT7HRB9ck,@sherlockholmes12385,‚Äã@@SlashinatorZOmg you caught me ü§ñü§ñ,0,2025-05-29T00:54:01Z,0,True
UgyvjGk4O7bQmMBz_CN4AaABAg,@emmuhgrace,yayyy love you bella üòá,9,2025-05-22T18:52:01Z,0,False
UgypsJO_Tm3upwNkCWV4AaABAg,@noemieauger7205,LOVE BELLA,10,2025-05-22T19:46:03Z,0,False
Ugx6V4Q0sU1i6SAZHSl4AaABAg,@AlwaysLoveBlueEyes,love their energy so much,8,2025-05-23T12:20:29Z,1,False
Ugx6V4Q0sU1i6SAZHSl4AaABAg.AITEusmA4O4AITVAWBuxYp,@jdiggidydog,Bot,1,2025-05-23T14:42:34Z,0,True
UgyLesfHX0qBwdfpqZl4AaABAg,@lordmegatron4789,people are cruel i love her,5,2025-05-23T13:05:44Z,0,False
UgwRrGlQNPKtPxUXtNl4AaABAg,@MW4Price,Will never Watch the show because of bad casting and the wokeness involved,12,2025-05-25T18:35:33Z,0,False
Ugwt76tbTZczJRhOZAx4AaABAg,@umar37549,"If they told her not to play the games, there's no way for her to play a game accurate Ellie to appease the gamers",3,2025-05-23T12:50:37Z,0,False
UgxDAH4oAMQ2xkk7W1p4AaABAg,@PiperBarry-uz6dc,"I love Bella Ramsey as Ellie,I love this show.üíö",0,2025-05-24T02:26:52Z,0,False
UgzGhq04QNf7n4O1pGh4AaABAg,@abdullahsat3232,"All support to the show 
It was great and got a lot of hate for no reason 
Loved it not 10/10 but still didn't deserve all the hate",5,2025-05-23T01:30:34Z,0,False
UgzmPB8-MyVsb8_m4R14AaABAg,@gelgography,BELLLSSSSSSS <3,11,2025-05-22T20:17:44Z,0,False
Ugz14mZCCH6TEAHlYQF4AaABAg,@Ki√°r√°n92,Absolutely awful actor.,12,2025-05-26T11:37:25Z,0,False
Ugw5SU7rvTNcRtJWkrZ4AaABAg,@angelus_0015,Bella ‚ù§,9,2025-05-22T19:18:06Z,1,False
Ugw5SU7rvTNcRtJWkrZ4AaABAg.AIRPuiJ_H67AIgTXcOZ6v_,@SlashinatorZ,"Well I see you're not a bot at least. 
So how was this better casting than breaking bad? I would have cast someone gorgeous like Ever Anderson to play a waifu like Ellie.",1,2025-05-29T00:57:37Z,0,True
UgyO210CITzqBIt64lF4AaABAg,@usversusthem_band,The paid bots in this comment section is crazy,5,2025-05-24T03:55:11Z,1,False
UgyO210CITzqBIt64lF4AaABAg.AIUusmhMJAyAIZr9nCRzMD,@loshmyle,i think it's some woke cult bro they are everywhere,0,2025-05-26T01:58:53Z,0,True
Ugwdrm8DSw-xtKzB_D54AaABAg,@thetorvic23,"Why is this video so long? It should be a second long, if that...saying ""nothing""",1,2025-05-27T08:17:24Z,0,False
UgwDoorPP_UWHKwdch94AaABAg,@mrnemoid,"Bella Ramsey‚Äôs performance as Ellie is some of the best, highest quality, acting I‚Äôve ever seen on tv",5,2025-05-23T12:30:39Z,2,False
UgwDoorPP_UWHKwdch94AaABAg.AITG4HW4JBeAITUpmTnbjD,@jdiggidydog,Bot,2,2025-05-23T14:39:36Z,0,True
UgwDoorPP_UWHKwdch94AaABAg.AITG4HW4JBeAITXdn96U6B,@mrnemoid,"@@jdiggidydog very much a real person, I promise",0,2025-05-23T15:04:11Z,0,True
UgwHF7Z4sG-KRqVfkut4AaABAg,@keriagush3322,Waiting for nicola coughlan to do this for bridgerton,1,2025-05-25T15:11:33Z,0,False
UgzT_5hSn1eyzCNuaCF4AaABAg,@geraldinegonzalez5709,"Los haters est√°n de modaüòÇ Da risa ver como invierten tanto tiempo en criticar y odiar todo lo que ellos mismos no son. Espera que pronto esta moda de ‚Äúhater‚Äù pase y puedan realmente tener algo bueno que hacer con su vida que BTW es muy corta para venir a cada video y criticar, juzgar y lanzar hate.",5,2025-05-22T20:56:43Z,0,False
UgxW_eXWRcvc5gJ4Yil4AaABAg,@JJacob94,Girl is so insufferable they‚Äôre just letting her do whatever to get the scenes done.,6,2025-05-25T09:36:43Z,0,False
UgyP2AjIESnXZjdpgVN4AaABAg,@Dan-ji4db,This will certainly go down as one of the worst miscastings in tv history.  Bella ramsey is not ellie in any way.  She didnt even bother trying.  What a wasted opportunity to recreate the story on another medium.   Guess we wait 20 years and maybe someone else tries again.,7,2025-05-23T16:16:45Z,2,False
UgyP2AjIESnXZjdpgVN4AaABAg.AITexGkhwH3AIcxj9sPPuo,@chelseafink2904,If you‚Äôre so bothered just play the game bro,0,2025-05-27T16:13:15Z,0,True
UgyP2AjIESnXZjdpgVN4AaABAg.AITexGkhwH3AIczBBuz0E1,@Dan-ji4db,"I just did, bro ‚Äã@@chelseafink2904",0,2025-05-27T16:25:57Z,0,True
UgylA0nJ5-LEvOfM8nx4AaABAg,@brianscheinberg1121,IM GONNA BE A DAD!!!!! Hahahahahaha,11,2025-05-23T20:50:25Z,0,False
UgyDPT4q1Gmv_FUy-Bd4AaABAg,@WestTexasForce,Horrible actor - just terrible casting,6,2025-05-27T15:14:32Z,0,False
Ugy2wLf9h802JmInMF14AaABAg,@haydemedina8546,Eres excelente actriz ü´∞üèª,4,2025-05-22T22:27:35Z,0,False
UgzT5e2LTmn8P6qEU514AaABAg,@DH-cj7nm,I don't think she prepared at all her accent slips all the time and she has none of Ellie's mannerisms. This is simply a job for her she doesn't care,2,2025-05-24T03:26:17Z,0,False
Ugy5wKmGfX9AY9tYWTV4AaABAg,@janbaan4024,"I like what they've done with the show. Live adaptation isn't suppose to be a 1:1, but I would have loved it more if Bella got better with her facial expressions. I can't tell when she's angry/sad",0,2025-05-30T19:22:50Z,0,False
UgzoZZKQ4wCk6R7bUQB4AaABAg,@jd-dclo,I love isabella very much.,7,2025-05-23T02:25:29Z,0,False
