video_id,comment_id,author,text,like_count,published_at,is_reply,total_reply_count,reply_to
EnVab0wAtyQ,UgxLiiOqPvahznc3GGh4AaABAg,@LewisHancox,"Chickens, this video is inspired by a chapter in my new graphic novel Escape From St Hell all about my younger trans years! You can buy it from Amazon or any book shop ü´∂üî•",11095,2024-05-16T22:54:01Z,False,29,
EnVab0wAtyQ,UgxLiiOqPvahznc3GGh4AaABAg.A3WVhWRs2gqA3WlKHsH4OZ,@thickshmeat948,Gerard way cosplay,0,2024-05-17T01:19:16Z,True,0,UgxLiiOqPvahznc3GGh4AaABAg
EnVab0wAtyQ,UgxLiiOqPvahznc3GGh4AaABAg.A3WVhWRs2gqA3XM8PH2sP7,@lenkapalova6797,SECOND‚ù§üéâ,4,2024-05-17T06:49:41Z,True,0,UgxLiiOqPvahznc3GGh4AaABAg
EnVab0wAtyQ,UgxLiiOqPvahznc3GGh4AaABAg.A3WVhWRs2gqA3Y-UmUlNVf,@zoeandreolli9745,Hi I go to school in Switzerland and I just wanted to tell you my school just bought your first book and it's now in the school library!,24,2024-05-17T12:51:01Z,True,0,UgxLiiOqPvahznc3GGh4AaABAg
EnVab0wAtyQ,UgxLiiOqPvahznc3GGh4AaABAg.A3WVhWRs2gqA3YWWB6oYK5,@Bl00dy_M4ry2.0,I wish it wasn't 18+ :(,1,2024-05-17T17:39:33Z,True,0,UgxLiiOqPvahznc3GGh4AaABAg
EnVab0wAtyQ,UgxLiiOqPvahznc3GGh4AaABAg.A3WVhWRs2gqA3_z7AvEGaZ,@GoetzeLP,Congratulations you are one of the few trans people that I couldn't destinguish as trans by just seeing them... (well maybe I have seen a lot more people that I couldn't tell were trans now that I am thinking about it...) ü§£üòÇ,2,2024-05-18T16:36:46Z,True,0,UgxLiiOqPvahznc3GGh4AaABAg
EnVab0wAtyQ,Ugzhp8p8pgk-T-8Szol4AaABAg,@mayo_soup,Tecnincally the mom is right- looks just like gerard way in helena,0,2025-06-01T04:51:18Z,False,0,
EnVab0wAtyQ,UgyO7C3eCf64GUY4M-R4AaABAg,@stewtrooper3425,https://youtu.be/0lcin5TcU4g?si=VGfeS5YXz45lvAPu,0,2025-06-01T02:34:36Z,False,0,
EnVab0wAtyQ,UgxgmqExYuEr7bnEP914AaABAg,@Cashcart_,"While I support the lgbt and transgender people, i cannot support a British ‚Äúperson‚Äù. I hope you can understand.",0,2025-05-30T20:51:23Z,False,1,
EnVab0wAtyQ,UgxgmqExYuEr7bnEP914AaABAg.AIlAwzYvFzJAIpBCooAAY9,@Riverside_Foxcub,"Um I literally don't ü§ì
 What do you mean?",0,2025-06-01T10:10:39Z,True,0,UgxgmqExYuEr7bnEP914AaABAg
EnVab0wAtyQ,UgxgnLP5T3WnpLgl5z94AaABAg,@karlsbadkitty9117,Omg the Forever the Sickest Kids shirt has me spiraling backwards.,0,2025-05-30T17:20:39Z,False,0,
EnVab0wAtyQ,UgwNnoamYq-1JC-iSad4AaABAg,@AngelWalsh-e7t,You look like bille Joe Armstrong from Green Day with the black suit and red tie which I personally love Green Day,1,2025-05-30T01:23:20Z,False,0,
EnVab0wAtyQ,UgyWhkeLHXgY2ZJg7_B4AaABAg,@danielstandford4930,"The BJA black button up, black jeans, red tie. So iconic. Haha but I never grew out of the phase just realized the fit only really works once",0,2025-05-30T01:21:52Z,False,0,
EnVab0wAtyQ,Ugy6lj7_FKi3fBZcrt14AaABAg,@ILikeToEditYK,Yah cheeky mst,0,2025-05-29T23:34:29Z,False,0,
EnVab0wAtyQ,UgwgEO18adRzZfCs_gt4AaABAg,@-_-Ash-_-,Love the Billie Joe American idiot fitüòÇ,0,2025-05-29T12:08:34Z,False,0,
EnVab0wAtyQ,Ugz4mWjbp4enyowaU814AaABAg,@catermurp,"I can't believe this person is trans, like, one looks more masculine being a biological female than most of my male friends üíî",0,2025-05-28T18:07:35Z,False,0,
EnVab0wAtyQ,UgwhKW3XwJ_MtQ73kF14AaABAg,@danni_moo2,üòÇ,0,2025-05-25T20:14:43Z,False,0,
EnVab0wAtyQ,Ugzfnfvfh4sleG6ZGwt4AaABAg,@SeaMammal15,Gerard way,0,2025-05-25T19:07:51Z,False,0,
EnVab0wAtyQ,Ugz1nNNoKF7FV-1lmq14AaABAg,@YLF.OFFICIAL,I love the gerard way look lol,1,2025-05-24T17:00:04Z,False,0,
EnVab0wAtyQ,UgzmmvSTbVe5e2Nxy4x4AaABAg,@Daipayan-e7i,I love how the mom actually tried to keep up and buy him stuff‚ù§‚ù§,1,2025-05-24T12:01:13Z,False,0,
EnVab0wAtyQ,UgwkwPVQ6F7hwoWbGv94AaABAg,@Juliascott-v3y,Billie joe Armstrong???,0,2025-05-23T23:56:22Z,False,0,
EnVab0wAtyQ,UgxivlN8L9W8HalVUjV4AaABAg,@aclaudiamatias,ü§£ü§£ü§£ü§£,0,2025-05-20T20:23:51Z,False,0,
EnVab0wAtyQ,UgwofWWYCHKOQxeX6qB4AaABAg,@LoveCheeselover,"Poor mum, she cant keep up with the trends üò¢",0,2025-05-20T02:19:42Z,False,0,
EnVab0wAtyQ,UgxetC0Gu6vJD9-Rn294AaABAg,@‰ΩêËó§‰∫îÊù°,SO IS LAURA THE GIRL BESIDE U ON THE CHAV BOY PHOTO??,0,2025-05-19T16:36:08Z,False,0,
EnVab0wAtyQ,UgxLeR2-WrPXGNKsZVF4AaABAg,@laurenmiles5206,What is that green day out fit,0,2025-05-19T03:57:37Z,False,0,
EnVab0wAtyQ,UgyuvM4FfonvtMOO2U54AaABAg,@Starswithoutstripesofficial,Gerard or billie ???,0,2025-05-18T22:45:46Z,False,0,
EnVab0wAtyQ,Ugwjdw7djNPp6XZ9UK54AaABAg,@Not-today-Artemis_xx,"Anyone know what the ""chav"" song is pls xxx",0,2025-05-18T21:59:15Z,False,0,
EnVab0wAtyQ,Ugz-99YBGrwrFukTgBt4AaABAg,@sophiebear546,"I had the same thing happening to me, switching to hipster, next year emo, and the next year pop diva üòÖ",0,2025-05-18T17:49:44Z,False,0,
EnVab0wAtyQ,UgzjksdV8ttlOYRTDkx4AaABAg,@LowisaBrown,"Okay but why did i lowkey get BTS no more dream vibes üò≠üò≠üò≠üò≠üò≠









I LOVE BTS",0,2025-05-17T09:51:32Z,False,0,
EnVab0wAtyQ,UgxD2wzKml4U2nxj0qt4AaABAg,@ILove_JTK,NOT THE GERARD WAY FITüò≠üò≠üíúüíú,0,2025-05-16T15:24:55Z,False,0,
EnVab0wAtyQ,UgyuLKRvoa1YMwT66Nd4AaABAg,@RookieGoBoom,"It's, it's, it's, it's, it's, it's, it's, it's, it's, it's, it's, it's üî•üî•üî•",1,2025-05-15T17:49:28Z,False,0,
EnVab0wAtyQ,UgzMsgm5kt1HmLr8M-p4AaABAg,@TheRandomDragon-df8gv,your poor mom ü§£,0,2025-05-14T18:40:05Z,False,0,
EnVab0wAtyQ,UgxEf61DD-nucXQu0VJ4AaABAg,@cinimatics,Your mom tried so hard lol,0,2025-05-12T17:57:14Z,False,0,
EnVab0wAtyQ,UgzJwySmwNBgESoTp_14AaABAg,@Mr.Cheese-Man,"I out loud (In a horrible British accent) said ‚Äúloooo, I can‚Äôt believe you‚Äôve done this‚Ä¶ uve gon BLONDE‚Äù üò≠",0,2025-05-12T00:34:26Z,False,0,
EnVab0wAtyQ,Ugz9wLTD7yjMCqqgKqp4AaABAg,@MarshmallowPizza,You should to draw like a character select screen with all these as options,0,2025-05-11T19:25:55Z,False,0,
EnVab0wAtyQ,UgxB-NC2Hx_S9qR1FwZ4AaABAg,@aleaterraza6206,Awww love  her for being supportive,0,2025-05-10T04:05:03Z,False,0,
EnVab0wAtyQ,Ugx9mHm_ch571SkeIPF4AaABAg,@Midnightberry-baker,I love how is saw your freind in the pic and she is pointing her head down while your a chad boy rock on ü§ô,0,2025-05-09T00:03:39Z,False,0,
EnVab0wAtyQ,UgwJz5vUt2Uchjuu4-N4AaABAg,@Idk._123,"I wish My mom was like that, apreciate her plsü•≤üíï",0,2025-05-07T00:22:39Z,False,0,
EnVab0wAtyQ,Ugxv11ZBkhggqeP_wCt4AaABAg,@anikawillis6183,I love your mom. Genuinely trying,0,2025-05-06T13:10:55Z,False,0,
EnVab0wAtyQ,Ugw4Xsd8YiUGC0qRxfp4AaABAg,@ThumperBumper321,man that clothing reminds me of the lead singer of green day billie joe armstrong,0,2025-05-06T04:53:34Z,False,0,
EnVab0wAtyQ,UgyEtKlauJZwmyHcG414AaABAg,@catsarethecoolestanimal,I love your channel and content and in general  2000s era üò≠üò≠,0,2025-05-04T20:21:04Z,False,0,
EnVab0wAtyQ,UgzhveGNwdWRCjy-QYN4AaABAg,@MurderousMuirdris61,i can recognise that red tie and black shirt from anywhere,0,2025-05-03T01:06:07Z,False,0,
EnVab0wAtyQ,UgwjpTRYy2M33Wpnk0Z4AaABAg,@l.j.1417,Just a typical dude from MTV.,0,2025-05-02T18:04:09Z,False,0,
EnVab0wAtyQ,UgxcxWCgGlVDfP9RE514AaABAg,@CaptianApe,üòÇüòÇ that's a big jump from emo boy to surfer dude.,0,2025-05-02T16:20:04Z,False,0,
EnVab0wAtyQ,UgxLvPWuGSmvl7eASB14AaABAg,@lilyaceofspades,Mum deserves to throttle you lol,0,2025-05-02T14:11:33Z,False,0,
EnVab0wAtyQ,Ugxv4CNwtMRtIER1B-V4AaABAg,@BLACKMAGICENTERTAlNMENT,boy is that prorev gerard üò≠,0,2025-05-01T04:12:59Z,False,0,
EnVab0wAtyQ,Ugz3rfmWjJ8a0K5pzyd4AaABAg,@I_am_banana_man,o lew na √∫ltima fotoü´¶,0,2025-04-30T16:37:38Z,False,0,
EnVab0wAtyQ,UgwoKYiyWeBjvO5yvfx4AaABAg,@XxkittyarixX,These are literally my favorite videos,0,2025-04-30T07:04:20Z,False,0,
EnVab0wAtyQ,UgzAv5N1Ewq2R6YH9nl4AaABAg,@MarkAlyx,Gotta apreciate the effort,0,2025-04-29T17:22:44Z,False,0,
EnVab0wAtyQ,UgyKSPjmF-0jxE6_Iip4AaABAg,@EelGood,tbh i would start to lose it too if i kept searching for interests of someone constantly changing styleüòÖ,0,2025-04-27T13:01:00Z,False,0,
EnVab0wAtyQ,UgyJGAr8IyPl9TVnPSZ4AaABAg,@NAVI-dw7xe,"Mom bouta choke him tf out, she's trying her best Damn it lew XD XD",0,2025-04-25T00:36:47Z,False,0,
EnVab0wAtyQ,Ugwhybp8z7o6Q7-LSS94AaABAg,@EeVe666,"That is literally me, but all in one week",0,2025-04-24T03:50:30Z,False,0,
EnVab0wAtyQ,UgzG-u9YNRB21WWEylx4AaABAg,@Cha0s4ndcray0ns,STOP UR FAZES ARE KILLING ME,0,2025-04-21T16:31:07Z,False,0,
EnVab0wAtyQ,Ugwmxka0yZEtkNOIiUB4AaABAg,@T4K4_UR_K1T,Sc3n3 4 lif33! X3,0,2025-04-20T20:30:16Z,False,0,
EnVab0wAtyQ,UgzDbk7UEYQkU4nUZDp4AaABAg,@408karolina,"When you were little, were you a girl?",0,2025-04-17T17:45:20Z,False,1,
EnVab0wAtyQ,UgzDbk7UEYQkU4nUZDp4AaABAg.AH17TcdZTg9AHJT2qFTkeq,@RaibaruDev-,"When you were little, did you give a damn about people‚Äôs gender?",0,2025-04-24T20:40:15Z,True,0,UgzDbk7UEYQkU4nUZDp4AaABAg
EnVab0wAtyQ,UgyQ7mlcQM-HqCA8Yjl4AaABAg,@Takapon218,Ok but the blonde era... so cute üò≠,0,2025-04-16T02:10:09Z,False,0,
EnVab0wAtyQ,Ugxv1tXytDiJ3bIuAnJ4AaABAg,@LadyHamsterton,Emo boy looks like a lil Gerard Way lesbian. Amazing,0,2025-04-11T10:40:02Z,False,0,
EnVab0wAtyQ,UgyJIyEUMuBaDrwPoiR4AaABAg,@Ann0y3d_C4tofficial_alt,the black suit + red tie = helena by mcr,0,2025-04-11T06:22:01Z,False,0,
EnVab0wAtyQ,Ugy4j5lRKYcEY1UY99Z4AaABAg,@omgitzpaige2013,"also as someone who knew these aesthetics i want to say this was 2007, 2008, 2009, and 2010 specifically",0,2025-04-10T22:01:16Z,False,0,
EnVab0wAtyQ,Ugy5qB664kFoW38hkQx4AaABAg,@penny4you,Ngl the ‚Äúpop punk surfer dude‚Äù phase was the best looking one by far,0,2025-04-09T23:12:06Z,False,0,
EnVab0wAtyQ,UgyUoPmo_XSfT296bh14AaABAg,@dorinav8472,–∫–∞–∫–æ–≥–æ –æ–Ω–æ –ø–æ–ª–∞ –≤–æ–æ–±—â–µ,0,2025-04-09T19:58:45Z,False,0,
EnVab0wAtyQ,UgynyYfq9JMcUxcKvex4AaABAg,@ocarinagirlandthestories648,"Aw, she‚Äôs trying her best üíõ",1,2025-04-09T15:47:10Z,False,0,
EnVab0wAtyQ,UgwUEs0Vc2hRc387DrR4AaABAg,@andronikidoulakis3102,"Me every week with my ""favorite colors""",0,2025-04-07T22:34:11Z,False,0,
EnVab0wAtyQ,UgxY8rxbHF-fMj1zz2t4AaABAg,@SimplyThreeDaysGrace94,The emo hair and the black and red clothing reminded me of my husband Adam Gontier,0,2025-04-07T16:09:29Z,False,0,
EnVab0wAtyQ,UgwnyScUQPmeV0gZmfR4AaABAg,@nickknack7719,"see my family tried so hard to ban anything emo, so now it's still like half of my personality to this day",0,2025-04-06T22:30:17Z,False,0,
EnVab0wAtyQ,UgwVGx6EL9JHjlPHoyx4AaABAg,@mackaroni9792,Awww she was trying lol,0,2025-04-06T21:29:02Z,False,0,
EnVab0wAtyQ,UgzxeIeNdtzGK9VBZgF4AaABAg,@xd-mi4qk,"BRO ME TOO, yo el menos multifacetico",0,2025-04-06T21:07:13Z,False,0,
EnVab0wAtyQ,UgxdS4T3JkEvQKkTWuh4AaABAg,@leshawndinglenut-y8p,how many phases did this mf go throughüò≠,0,2025-04-06T20:41:51Z,False,0,
EnVab0wAtyQ,Ugx8721hL2WOiN32cSB4AaABAg,@fujoshipeanut5074,The second picture üíÄ,0,2025-04-06T20:09:21Z,False,0,
EnVab0wAtyQ,UgyMnk5Whp5leCeWKIl4AaABAg,@amngstthestars,HAHAHAHA BEAUTIFUL,0,2025-04-06T02:33:18Z,False,0,
EnVab0wAtyQ,UgxCkYfPb33aDhOXY2t4AaABAg,@spoiledbabieuwu4980,GOD lmao this is me and all my wild styles,0,2025-04-06T02:26:50Z,False,0,
EnVab0wAtyQ,UgyfPOcKyUCO5PDhSGN4AaABAg,@W1ng3dD3m0n,"As someone who is currently a scene AND emo kid, this is relatable for evey time I switch styles lol (too many styles, send help.)",1,2025-04-05T09:52:27Z,False,0,
EnVab0wAtyQ,Ugx6FM4jsoC2yghXhY14AaABAg,@raniaaisyahsukarno7,Lol üòÇüòÇ,0,2025-04-05T03:32:23Z,False,0,
EnVab0wAtyQ,UgwHqKk1o3T10KeajFN4AaABAg,@tealram,she was doing her bestttttt,0,2025-04-05T00:35:52Z,False,0,
EnVab0wAtyQ,UgzmiBjkP6oM7KEV1bh4AaABAg,@violyncheshire,"Ah.. yess, trend pass by and mom confuse what she gonna give for us for chrismast üòÇ",0,2025-04-03T07:08:10Z,False,0,
EnVab0wAtyQ,UgxTtF9tI1tpI63PTCt4AaABAg,@gd4001,"me but its between cute, tomboy, and emo",1,2025-04-03T05:05:32Z,False,0,
EnVab0wAtyQ,Ugyrl9kQuZ12d78GOB54AaABAg,@KiraMarNekoAngelgacha,That is how some teenegers are üòä,1,2025-04-02T19:30:11Z,False,0,
EnVab0wAtyQ,UgzggHJW6gKw1x3i8Fh4AaABAg,@mc.rvmance,"i screamed ""GERARD WAY?!"" when i saw the first photo üíî",1,2025-04-02T19:02:03Z,False,0,
EnVab0wAtyQ,UgzGOl-3TdoufApmXEZ4AaABAg,@poopdescoop9309,I actually like the surfer dude look on you?üò≠,0,2025-04-02T13:59:55Z,False,0,
EnVab0wAtyQ,UgywXYJ5dyX1E8uPKU54AaABAg,@irisyeseniaceniceros2601,Emo boy!,0,2025-04-02T04:18:31Z,False,0,
EnVab0wAtyQ,Ugw9gh8foAxtccPCRhp4AaABAg,@PureBloodxTomBoy,Your poor mum üòÇüò≠,0,2025-04-01T21:18:28Z,False,0,
EnVab0wAtyQ,UgxQL81u7Drw6sL10e94AaABAg,@Drewie_artzzz,*hes* a HUGE HERE ME OUT,2,2025-03-30T15:16:02Z,False,0,
EnVab0wAtyQ,UgzHqcv757Ki0Sz-YR94AaABAg,@Zixxyy-ss,why is his cheeks always so redüò≠,1,2025-03-28T16:40:35Z,False,0,
EnVab0wAtyQ,UgwrUw-D5GlXDriB0v14AaABAg,@Jayjay-p5n,Wait wait wait‚Ä¶. Is it a boy or girl,0,2025-03-28T15:58:42Z,False,0,
EnVab0wAtyQ,Ugyvfw6ks6LNgQMF5ZB4AaABAg,@Everest_Quinn,Why did u look like gerard way in the first one? üòÇ,1,2025-03-27T22:55:39Z,False,0,
EnVab0wAtyQ,UgwMinu-yPFfbDOy-QN4AaABAg,@pipedown_brainworm,teen Lewis is my spirit animalüòÇ,1,2025-03-27T13:37:07Z,False,0,
EnVab0wAtyQ,UgwksdiD4O92rKP_lAx4AaABAg,@LaButterflywhisperer,Okay but he ate with the first outfit‚Ä¶,0,2025-03-26T20:39:19Z,False,0,
EnVab0wAtyQ,Ugydl4VQmv1Z6JOqNfh4AaABAg,@estellestar-,the first outfit is giving Gerard Way from Me Chemichal Romancae,0,2025-03-26T17:48:56Z,False,0,
EnVab0wAtyQ,UgwJgzppfIilrnTdVld4AaABAg,@BelladonnaDraws,"Just rotating through it everyday, What will I be tomorrow, who knows",0,2025-03-25T02:21:43Z,False,0,
EnVab0wAtyQ,UgyJ0AMdgZRPutbdLEZ4AaABAg,@FlareDog5,"I love that even in the ""proof"" photos you still pass as a man. At least that‚Äôs how I‚Äôm seeing it",0,2025-03-24T21:55:58Z,False,0,
EnVab0wAtyQ,Ugy7gGUoRulZf1XT0jR4AaABAg,@t0x1cfl13s,was that gerard way üò≠,0,2025-03-21T16:26:26Z,False,0,
EnVab0wAtyQ,UgzZg5eINLiFDgW0iNN4AaABAg,@Authorannahunter,Omg this mom is kinda awesome lol,0,2025-03-20T17:59:46Z,False,0,
EnVab0wAtyQ,UgzWEkeFFwzdUyfLqA14AaABAg,@SillyGoober7783,You looked like Gerard way in the emo fit üòÇ,0,2025-03-20T01:58:19Z,False,0,
EnVab0wAtyQ,Ugyo41JLd_rTOHYkZHF4AaABAg,@user-wh8re4mu8e,OH EM GEE!! I never knew he started his transition YOUNGER?.üò≠,0,2025-03-18T09:02:51Z,False,1,
EnVab0wAtyQ,Ugyo41JLd_rTOHYkZHF4AaABAg.AFnwpag2rL8AGEdwPNGglu,@wallewonks,"I‚Äôm not sure he did, actually. From previous videos it seems like he only started realising he was trans around ~17? Guess he was naturally blessed with an androgynous type face lol",0,2025-03-29T03:16:29Z,True,0,Ugyo41JLd_rTOHYkZHF4AaABAg
EnVab0wAtyQ,UgwlFAcyZVYNGYC0R9t4AaABAg,@danielhaga8915,"Transgender, and emo that's a double whammy",0,2025-03-17T00:04:57Z,False,0,
EnVab0wAtyQ,UgyGSvGxzkrKrqMErTB4AaABAg,@CemeteryPsycho,Your poor mom tried lol,0,2025-03-16T22:59:11Z,False,0,
EnVab0wAtyQ,Ugw4xPUPxbRvN7xSmoV4AaABAg,@theguywhofoundwaldoo7939,I‚Äôve been looking for that new era hat with the stars on it in the ‚Äúscene kid‚Äù section forever if someone can point me in a direction,0,2025-03-16T00:12:29Z,False,0,
EnVab0wAtyQ,UgyNWtRP7Nc8YL_mAYd4AaABAg,@pxlen,I love seeing all your past pics,0,2025-03-15T23:27:03Z,False,0,
EnVab0wAtyQ,UgylUGthD2M_tsIJRyd4AaABAg,@nicoleolvera8670,Girl o boyü§®,0,2025-03-15T01:01:12Z,False,0,
EnVab0wAtyQ,UgzMH3FMi2C30MwNygZ4AaABAg,@BattleCatsQuestionMark,Hate,0,2025-03-14T18:51:50Z,False,0,
EnVab0wAtyQ,Ugz7HP_fgv322A3xF0l4AaABAg,@DuckWithDeviousIntent,The fact that she only bought one trendy chav shoe,2,2025-03-13T16:01:17Z,False,0,
EnVab0wAtyQ,Ugxp6x1xEv8Do6KdTU54AaABAg,@kyddkamikaze6698,Ah yes i remember the 20 diffferent emo fases of the moon,0,2025-03-11T15:58:13Z,False,0,
EnVab0wAtyQ,Ugzes7bEatXt84ovHtV4AaABAg,@nrreno,okay that fit is really cool tho,0,2025-03-11T15:01:01Z,False,0,
EnVab0wAtyQ,UgxDX5gxnpd_DKAb8cZ4AaABAg,@KennadiDoan,I love how he has evidence with pictures where do a bloody funeral got me dying what a great mom too your videos make me so happyüòÇ‚ù§,0,2025-03-11T05:02:06Z,False,0,
EnVab0wAtyQ,UgywzrIT9QZIlwOZpoR4AaABAg,@Amadeus_boxing,Out fit inspiration came from greenday,0,2025-03-10T21:30:37Z,False,0,
EnVab0wAtyQ,UgwyS93EyDu0ZhUfyFx4AaABAg,@anc13ntbird,i really like how you just constantly look twelve in the proof photos,0,2025-03-09T03:42:25Z,False,0,
EnVab0wAtyQ,UgyG17nN2vHzxXcrv7V4AaABAg,@XxPOPZZxX,GERARD WAY/BILLIE JOE IS THAT YOU?!,0,2025-03-08T04:09:30Z,False,0,
EnVab0wAtyQ,UgwNs6GDOe2MBLcOn6Z4AaABAg,@claudiamoya6908,Aww ü•∞ mom always tried to make him happy ‚ù§,0,2025-03-07T16:10:21Z,False,0,
EnVab0wAtyQ,Ugw8wu8x3hVsHA2kk854AaABAg,@bemfawkes3214,Your poor mom must have suffered whiplash on many occasions üòÇüòÇüòÇüòÇ,0,2025-03-07T09:59:22Z,False,0,
EnVab0wAtyQ,UgyKtJ6gfaXgrH_N6N94AaABAg,@EWa-c5z,Bro was every millenialüíÄ,1,2025-03-06T20:05:37Z,False,0,
EnVab0wAtyQ,UgwyG_Bqm0GdS_F4CYZ4AaABAg,@sherriehardin4318,Saw one of your books at the book shop yesterday and I wanted it so bad üò≠üò≠üò≠üò≠ I got so excited and kept saying Lou like your mom character does lol üòÇ I will buy it once I get my cash up üòÇ,0,2025-03-06T17:23:22Z,False,0,
EnVab0wAtyQ,Ugy3tJhYWz3Ue2wwlrx4AaABAg,@amberdavieshamill4201,I fear young me would‚Äôve simped hard for baby Lewis,0,2025-03-06T15:43:48Z,False,0,
EnVab0wAtyQ,Ugw2ptjrqj6eIjlJUbJ4AaABAg,@Angel-vb7bb,Poor mama üòÇ she couldn‚Äôt keep up.,0,2025-03-06T00:57:48Z,False,0,
EnVab0wAtyQ,UgziM-os0Hn0Dr6adrB4AaABAg,@Angel-vb7bb,Pop punk surfer is my favorite look of urs,0,2025-03-06T00:57:23Z,False,0,
EnVab0wAtyQ,UgyTTg_w7-ZLROAP29F4AaABAg,@Nat3-s6d,El primero es shadow freddy de fnafhs üò®,0,2025-03-05T23:09:48Z,False,0,
EnVab0wAtyQ,UgysDVB3y8u2Z1HF9Ht4AaABAg,@dutagameindonesia6678,That's so Billi JoeüòÇ,1,2025-03-05T04:47:00Z,False,1,
EnVab0wAtyQ,UgysDVB3y8u2Z1HF9Ht4AaABAg.AFH0DJ6lblSAFMKFnbrZfd,@FiddyThousan,I was boutta say that,0,2025-03-07T06:18:18Z,True,0,UgysDVB3y8u2Z1HF9Ht4AaABAg
EnVab0wAtyQ,UgzGQLr4ij9eS2nBRMh4AaABAg,@coconutcowboy92,Wore that to a school dance once lol,0,2025-03-03T05:10:00Z,False,0,
EnVab0wAtyQ,UgzNhOwVGM--8IpyXHt4AaABAg,@Gooberyapalot600,Bro looks like Billie Joe Armstrong in the first one lol,1,2025-03-03T00:48:16Z,False,3,
EnVab0wAtyQ,UgzNhOwVGM--8IpyXHt4AaABAg.AFBRJ-anDkzAFMKH7Pm-8i,@FiddyThousan,Who?,0,2025-03-07T06:18:29Z,True,0,UgzNhOwVGM--8IpyXHt4AaABAg
EnVab0wAtyQ,UgzNhOwVGM--8IpyXHt4AaABAg.AFBRJ-anDkzAFN3XS5hoQ1,@Gooberyapalot600,Green Day‚Äôs singer,0,2025-03-07T13:11:24Z,True,0,UgzNhOwVGM--8IpyXHt4AaABAg
EnVab0wAtyQ,UgzNhOwVGM--8IpyXHt4AaABAg.AFBRJ-anDkzAFOi1LnuCwI,@FiddyThousan,@@Gooberyapalot600  i mean like‚Ä¶ cuz my pfp,0,2025-03-08T04:33:16Z,True,0,UgzNhOwVGM--8IpyXHt4AaABAg
EnVab0wAtyQ,UgyJ-3dNv1PzYhULJFV4AaABAg,@natb5602,Nice video I love the pictures you show us and I was friends with a trans person in grade 6 and now I am in grade 7 I‚Äôm home schooled,0,2025-03-02T05:10:58Z,False,0,
EnVab0wAtyQ,Ugx7wC3BDFURMMHXtDt4AaABAg,@conejadelhorror0806,Pobre de su mam√° ella tratando de comprarle algo y el cambiando de estilo cada semana,0,2025-03-02T03:47:24Z,False,0,
EnVab0wAtyQ,UgyL6ssSk3rPRqsrldV4AaABAg,@dariammj2184,Bless your mom,0,2025-03-02T00:28:39Z,False,0,
EnVab0wAtyQ,Ugzdkf6SVFyTwQXJgcx4AaABAg,@aimeucuzinho,"""YA CHEEKY MARE""",0,2025-03-01T00:03:49Z,False,0,
EnVab0wAtyQ,Ugyxjfn1ZG6W03Bx3WF4AaABAg,@Tanaka1168,I've just imprinted on my parents that I'm a nerdy anime gal since I was a 12 yo. I'm a metal head now at 24 and they still give me hatsune miku birthday cakes every year.,0,2025-02-27T22:57:08Z,False,0,
EnVab0wAtyQ,UgwdUsVnUYmcqlQXwgd4AaABAg,@Mujeu,duuuuuur XD,0,2025-02-27T19:12:19Z,False,0,
EnVab0wAtyQ,Ugzywt5l4zJ7Z1GobQF4AaABAg,@meowzzerz-za,the billie joe armstrong fit üò≠,1,2025-02-27T00:27:55Z,False,0,
EnVab0wAtyQ,UgzBUuz0h6XDer0TdVR4AaABAg,@OGpotnoodle,No bro American idiot era billie joe armstrong,0,2025-02-26T21:26:40Z,False,0,
EnVab0wAtyQ,UgxtM0gqxVw4BPNoQuZ4AaABAg,@thatgalsalem,i love the video evidence every time it never fails to make me lose it,2,2025-02-26T05:12:49Z,False,0,
EnVab0wAtyQ,UgzNKlusHa78k67PHpp4AaABAg,@caidalee1994,"‚ÄúWith sticker on‚Äù
Say what you will, but Ma knew what was up",0,2025-02-26T02:59:12Z,False,0,
EnVab0wAtyQ,UgzCkNKO8aPbEU7NrQh4AaABAg,@madhavjnair6462,"And here I am, thinking ' his expressions are on POINT!' and then I remember Baby Lew and Lewis are the same personüíÄ",29,2025-02-25T13:17:13Z,False,0,
EnVab0wAtyQ,UgypAApDUgGFwTY3WSB4AaABAg,@alpaga4820,"""Drunkcore"" lmao üòÇ",7,2025-02-25T12:49:04Z,False,1,
EnVab0wAtyQ,UgypAApDUgGFwTY3WSB4AaABAg.AEyH1-w7QFaAHJTFwkr6Sm,@RaibaruDev-,"Crunk core, man üòÇ",0,2025-04-24T20:42:02Z,True,0,UgypAApDUgGFwTY3WSB4AaABAg
EnVab0wAtyQ,UgzPEHeX8Wmww9Cft2x4AaABAg,@nyxleine8673,honestly this is so sweet!!,1,2025-02-24T20:01:13Z,False,0,
EnVab0wAtyQ,UgwEi9WI4LRN7g4vsi14AaABAg,@liftedlegend710,Lets be real a emo boy is probably close enough to being a girl for your folks to be comfortable with,0,2025-02-24T18:55:36Z,False,0,
EnVab0wAtyQ,UgyUsbDu4EdibF2ASM94AaABAg,@Yep6803,I'm your mum,0,2025-02-24T17:48:26Z,False,0,
EnVab0wAtyQ,UgwRN-qFu6CWatGo0dB4AaABAg,@strays24,What dj song name? Chavboy innittsüòÇ??,0,2025-02-24T14:38:40Z,False,0,
EnVab0wAtyQ,Ugw-RrO_K6mKLfQIucZ4AaABAg,@YOUREALLSIRUP,"the shirt saying ""fcuk"" is iconic whatüò®",0,2025-02-24T11:47:32Z,False,0,
EnVab0wAtyQ,Ugxk2X3V3sg76M4Raw54AaABAg,@Kortinarius-Archerus,This is so sweet oh my God,1,2025-02-24T11:37:57Z,False,0,
EnVab0wAtyQ,UgzgwIIqAN1L-zjGLN94AaABAg,@Hardwork0Z,Man i can not wait in afew years until being a chav just isnt cool and something you can get picked on for üò≠üò≠,0,2025-02-24T03:13:31Z,False,0,
EnVab0wAtyQ,UgyrTf2iIp8kN_2fw7l4AaABAg,@sparklingautism,we really struggled with finding ourself in a world where media was booming..,0,2025-02-23T00:59:33Z,False,0,
EnVab0wAtyQ,UgyRXokmh5jUL5lPK9x4AaABAg,@Nina-is-here-2024,More annoyed by the ever changing style rather than the changing gender.üòÇ also I enjoyed the last style the best,0,2025-02-22T22:46:02Z,False,0,
EnVab0wAtyQ,UgzUpgfMfOa0LgW4zit4AaABAg,@JustinSkellington,that first outfit was soooo giving billie joe armstrong,0,2025-02-22T20:55:55Z,False,0,
EnVab0wAtyQ,Ugz3FDiTiCW-ZdipqEV4AaABAg,@ST3RBUNNI,I actually thought you were woman back üòÖ,0,2025-02-22T04:42:14Z,False,0,
EnVab0wAtyQ,UgwlcCR5IHbElF8e59J4AaABAg,@Babyboy12342-v,Scene song???,0,2025-02-22T03:41:29Z,False,0,
EnVab0wAtyQ,UgyIVhNRE2svq-oYs_F4AaABAg,@Babyboy12342-v,What‚Äôs the 3rd song?,0,2025-02-22T03:33:39Z,False,0,
EnVab0wAtyQ,Ugzsz1go66iqtFc1Ytp4AaABAg,@RanEdgar-ok3wk,Poor momma is trying so hard ‚ù§ I‚Äôm gonna give mine a hug when she gets home,4,2025-02-21T22:23:01Z,False,0,
EnVab0wAtyQ,UgzvDBTpRKG_19CDr7N4AaABAg,@prashantgaonkar5435,How many phase do you have,0,2025-02-21T16:17:32Z,False,0,
EnVab0wAtyQ,UgxtZyJETZ4g_r1jTjl4AaABAg,@CreatorMentallyweirdkid,"Hey Lewis!! (me fellow trans guy) 
C0uLd u pls t3ll m3 wh@t dah sc3ne mu$ic is c@ll3d wH3n teen u did the d@nce plsss???? 

I've been looking for it for EVA! 
It'll be wElL gO0d! üòù",1,2025-02-21T08:36:54Z,False,0,
EnVab0wAtyQ,UgzuqQDkV4xkxR3Kwl94AaABAg,@thecomichero5272,"i really resonate with this, my mom doesn't seem to have a problem with whatever i identify as, she just has a hard time following along my phases üòÖ",0,2025-02-21T04:43:34Z,False,0,
EnVab0wAtyQ,UgwERaY-q-ljORWzCYB4AaABAg,@beatrizbraga3336,que √≥dio,0,2025-02-20T19:21:24Z,False,0,
EnVab0wAtyQ,UgwauvOVxQqDssH1C_14AaABAg,@otakuson98,You are a legend! ‚ù§,1,2025-02-20T04:52:32Z,False,0,
EnVab0wAtyQ,UgwgfBF5mJmFXce8OJ54AaABAg,@DortheyNutbutter,Hear me out,1,2025-02-20T02:55:11Z,False,0,
EnVab0wAtyQ,UgzNI3YLaZXWrwSgoth4AaABAg,@everxiiu,He actually looked so handsome then [still handsome today though!],0,2025-02-20T00:02:17Z,False,0,
EnVab0wAtyQ,UgwfMGQBjvPpYnMBrE94AaABAg,@Pizzaissigma,Why is it the surfer dude is the only one that looked normal,0,2025-02-19T18:42:44Z,False,0,
EnVab0wAtyQ,UgxdOBh2ML2udODO8K54AaABAg,@connectinglines997,Rise (raise) so sunrise (sunraise),0,2025-02-19T16:16:13Z,False,0,
EnVab0wAtyQ,UgyXhgXQ1oQebumDCwB4AaABAg,@connectinglines997,Jujube (who who bay),0,2025-02-19T16:02:39Z,False,0,
EnVab0wAtyQ,UgyBb_xFR554t3ZoWb14AaABAg,@arlowolf1690,"Did she, in fact, *throttle* ‚Ñ¢Ô∏è you?",0,2025-02-19T15:36:03Z,False,0,
EnVab0wAtyQ,Ugwim_odVFlQ8MQ0pAt4AaABAg,@clumsy7906,The way you still got some of the clothing items üòÇ,1,2025-02-19T14:18:38Z,False,0,
EnVab0wAtyQ,Ugz01hO78vjLzitPyDp4AaABAg,@horisontjhia8029,"i feel bad for ur mom omg she tried connecting w u and you just told her ""Thats so last week mum"" üò≠üò≠",0,2025-02-19T12:55:03Z,False,0,
EnVab0wAtyQ,UgxMQkKV-eIKQjax_Qh4AaABAg,@Timmy_juniorsons,green day,0,2025-02-19T09:38:39Z,False,0,
EnVab0wAtyQ,Ugyw14p7JWv3io3syDJ4AaABAg,@EverythingJC,"I love how supportive this guys mom is, this channel is genuinly so comforting and wholesome",0,2025-02-19T05:14:54Z,False,0,
EnVab0wAtyQ,UgwJnBwke_3JOFSjtIF4AaABAg,@galaxymew5138,XD I have that exact belt!,0,2025-02-19T04:56:00Z,False,0,
EnVab0wAtyQ,UgzUXsE_e_XU2q-68-h4AaABAg,@FunnyPerson-w3v,"He has gone through each stage of life,emo,chav,You name it. He‚Äôs done it",0,2025-02-19T03:19:00Z,False,0,
EnVab0wAtyQ,UgyqHFS5caGGvb7k3Gh4AaABAg,@Kei-not-found,I NEED TO SEE MIKES REACTION ‚ÄºÔ∏è‚ÄºÔ∏è‚ÄºÔ∏è THIS PART WAS FIRE,0,2025-02-18T18:12:32Z,False,0,
EnVab0wAtyQ,Ugy0YlXpenyUHiKeWNN4AaABAg,@Iammusic-l7f,"So you are actually a girl turn to a man?
Or a man turn into a woman and turn into a man?",0,2025-02-18T15:59:52Z,False,1,
EnVab0wAtyQ,Ugy0YlXpenyUHiKeWNN4AaABAg.AEgaIPIg_eRAEi9FWaPZ53,@RaneIsInsane,Trans man ^^,0,2025-02-19T06:33:17Z,True,0,Ugy0YlXpenyUHiKeWNN4AaABAg
EnVab0wAtyQ,UgyRKw57r5ZonJM01_J4AaABAg,@Asthetic_drawings_by_nisha,I aM gOnA tHrOtAl YaAaAaAa,0,2025-02-18T12:37:22Z,False,0,
EnVab0wAtyQ,Ugx3zI97ggFmQTbfDVJ4AaABAg,@Its-vengy,"Therapist: chav Lewis isn‚Äôt real he can‚Äôt hurt you
Chav Lewis:",1,2025-02-18T12:03:12Z,False,0,
EnVab0wAtyQ,UgxyoWIONNhLuZ2TD4R4AaABAg,@BoogerBug,He is going to a funeral. Helena's funeral ;),0,2025-02-18T07:47:56Z,False,0,
EnVab0wAtyQ,UgxcEdR5cblI1eSg49l4AaABAg,@johnnycakes-j5r,DURRR üëπ,0,2025-02-18T02:52:56Z,False,0,
EnVab0wAtyQ,UgwvpIP7JOrxQH8zHIx4AaABAg,@Cameron_the_Dino,ALL THE MUSIC IN THIS VIDEO WAS SUCH A BANGER,1,2025-02-18T01:03:36Z,False,5,
EnVab0wAtyQ,UgwvpIP7JOrxQH8zHIx4AaABAg.AEezizwgT6CAEqbC7BAjmC,@nathalie468,Do you know the second one?,0,2025-02-22T13:20:09Z,True,0,UgwvpIP7JOrxQH8zHIx4AaABAg
EnVab0wAtyQ,UgwvpIP7JOrxQH8zHIx4AaABAg.AEezizwgT6CAEqlZB0rJ8C,@Cameron_the_Dino,"@ no, I want to tho üò≠",0,2025-02-22T14:50:41Z,True,0,UgwvpIP7JOrxQH8zHIx4AaABAg
EnVab0wAtyQ,UgwvpIP7JOrxQH8zHIx4AaABAg.AEezizwgT6CAG87mYbfAVp,@Yakitori_Warrior,The chav one?,0,2025-03-26T14:31:21Z,True,0,UgwvpIP7JOrxQH8zHIx4AaABAg
EnVab0wAtyQ,UgwvpIP7JOrxQH8zHIx4AaABAg.AEezizwgT6CAG88U1cU0dZ,@nathalie468,@@Yakitori_Warrior yes,0,2025-03-26T14:37:25Z,True,0,UgwvpIP7JOrxQH8zHIx4AaABAg
EnVab0wAtyQ,UgwvpIP7JOrxQH8zHIx4AaABAg.AEezizwgT6CAG89Olj3L_s,@Yakitori_Warrior,It sounds like a Cascada song but idk,0,2025-03-26T14:45:26Z,True,0,UgwvpIP7JOrxQH8zHIx4AaABAg
EnVab0wAtyQ,UgyMSSFecGRjiEFlu1J4AaABAg,@jaszperstormz,you rocked the last look so bad,2,2025-02-18T00:18:11Z,False,0,
EnVab0wAtyQ,Ugz-RlHrg33DPNq02QV4AaABAg,@mefkureilyaersoz589,GIVE ME ALL OF THEM NOW,0,2025-02-17T18:51:14Z,False,0,
EnVab0wAtyQ,Ugxf2kThPuPbDNLmyLx4AaABAg,@Deebaby9,boy Our Girl,0,2025-02-17T18:44:54Z,False,0,
EnVab0wAtyQ,Ugwngs2t0UFrfTzyjCN4AaABAg,@djchocapic2005,whats the song that plays on the chav boy?,1,2025-02-17T12:32:05Z,False,0,
EnVab0wAtyQ,UgxOJVZIDbXNf-MrDuJ4AaABAg,@Your_.neko666,Wait.was your first outfit inspired by Gerard Way ??? üò≠,0,2025-02-17T10:25:21Z,False,0,
EnVab0wAtyQ,Ugyhru2FB4hWprUpthp4AaABAg,@MistyInTheCloudz,the 1st outfit is so gerard way 2004,0,2025-02-17T05:12:45Z,False,0,
EnVab0wAtyQ,Ugz0BGmmxfZ98T2M5Pp4AaABAg,@BookWorm2369,"This is my 9 yo son. 
I joke about how a ""new aesthetic just dropped"" and it will be a random picture i found on the internet üòÇ",0,2025-02-17T04:25:11Z,False,0,
EnVab0wAtyQ,UgwIhSNhDoETjBXl7Ah4AaABAg,@SuperMarioMarcus06,this is just every type of guy from Worlds Strictest parents in one video,1,2025-02-17T03:28:59Z,False,0,
EnVab0wAtyQ,Ugy879ZL0Q3aHA8VUH14AaABAg,@ursulaperez2726,Just pick one,0,2025-02-17T01:00:17Z,False,0,
EnVab0wAtyQ,Ugw8bXFah6J32neyfox4AaABAg,@dusty_animations,Yo ngl the first one looks like Gerard way,0,2025-02-16T21:37:29Z,False,0,
EnVab0wAtyQ,Ugz3IS-r5MTIO34m4kR4AaABAg,@LucIlcs,Mom is mom forever,0,2025-02-16T20:10:41Z,False,0,
EnVab0wAtyQ,UgxZUNm3v5FozSt46XN4AaABAg,@KirillSamkov-u1d,is he a girl or a boy,0,2025-02-16T18:28:31Z,False,1,
EnVab0wAtyQ,UgxZUNm3v5FozSt46XN4AaABAg.AEbhiP30yAHAEi9KZKgKzj,@RaneIsInsane,Trans manüëç,0,2025-02-19T06:33:58Z,True,0,UgxZUNm3v5FozSt46XN4AaABAg
EnVab0wAtyQ,UgwLAQS7KSHNn6l1zJ54AaABAg,@1stBaizhukisser,Ngl the adult pop punk kinda looks like Cody Carson,0,2025-02-16T15:32:46Z,False,0,
EnVab0wAtyQ,UgxQaYFdVAWMn7T9KXB4AaABAg,@bostao4216,And now the curent trend is single dad,0,2025-02-16T06:41:58Z,False,0,
EnVab0wAtyQ,UgwZnTRxyHBzojd3LmR4AaABAg,@thatweridojj,LOL WHAATT,0,2025-02-16T02:46:54Z,False,0,
EnVab0wAtyQ,Ugyre0s1nZoZESkTf1V4AaABAg,@Si1verWings,First fit is actually just gerard way,0,2025-02-15T12:23:13Z,False,0,
EnVab0wAtyQ,Ugz5I1-h8NZbVv5Yaux4AaABAg,@KimchieKittie_Other-Hearted,"OMG I SO WANT THAT ""fcuk"" SHIRTTTT",2,2025-02-15T07:07:45Z,False,0,
EnVab0wAtyQ,UgxrLUbH-XuwcVHCGLp4AaABAg,@Gabe.n_art,I love how mom was trying her best but trends move so fast,0,2025-02-15T07:02:49Z,False,0,
EnVab0wAtyQ,Ugz-DIqqu6rJt_iGDWV4AaABAg,@1ts-raining-somewhere-else,I'm glad to see that she tries!! it's really sweet <3,1,2025-02-15T04:17:29Z,False,0,
EnVab0wAtyQ,Ugzbgq-Ji9Y2xm52mNZ4AaABAg,@Peakypeaky2143,Okay billie joe armstrong looking ahh fit,0,2025-02-15T02:44:40Z,False,0,
EnVab0wAtyQ,UgylLtR1Trum_xcuc9N4AaABAg,@judahosborne8868,"At least she was trying, big ups for that",0,2025-02-15T02:41:57Z,False,0,
EnVab0wAtyQ,UgyuCGTaBwcf8jTtsxd4AaABAg,@nor-ainalexismaba4481,Gurl became a guy,0,2025-02-15T02:17:25Z,False,0,
EnVab0wAtyQ,UgwYGGX4Q93YxYqPa4d4AaABAg,@theartmajortv,She tried so hard lol,0,2025-02-14T23:14:39Z,False,0,
EnVab0wAtyQ,UgzAIOK3Ei04Rj4-M5Z4AaABAg,@yaya-k-g9o,Poor momüòÖ,0,2025-02-14T17:50:49Z,False,0,
EnVab0wAtyQ,Ugz7fBoNZ--AXpF4y_14AaABAg,@justinedebrick3692,Nah bro when is he gonna be preppy,0,2025-02-14T17:36:57Z,False,0,
EnVab0wAtyQ,UgwSLAfCJJA6dNdQrKB4AaABAg,@ExistingSmiles,This reminds me of my mom üò≠ she gets me things I liked a few months ago or years ago (of course i still accept it and use it somehow lol),0,2025-02-14T15:43:17Z,False,0,
EnVab0wAtyQ,Ugxg3BrbRkAKa3zvINB4AaABAg,@JahzaeMitchell,So your actually a girl,0,2025-02-14T01:58:31Z,False,1,
EnVab0wAtyQ,Ugxg3BrbRkAKa3zvINB4AaABAg.AEVmpkGZxI6AEdyVmLDpeN,@oyasumi_natsumi,he's ftm,0,2025-02-17T15:33:41Z,True,0,Ugxg3BrbRkAKa3zvINB4AaABAg
EnVab0wAtyQ,UgyjeUPdNgFpKUWdbI14AaABAg,@therandomperson1831,‚ÄúIt‚Äôs not a phase mom‚Äù used the uno reverse card,0,2025-02-13T23:36:20Z,False,0,
EnVab0wAtyQ,UgwZFa9RSX1eWGTpLFN4AaABAg,@excellentgasmileage,The first look really gives American idiot,0,2025-02-13T23:29:21Z,False,0,
EnVab0wAtyQ,UgxZz4pwOIU69ZkdrJF4AaABAg,@BlackBladeNinjaSB,Love the Billy Joe Armstronggg,0,2025-02-13T19:29:02Z,False,0,
EnVab0wAtyQ,UgwEWV9K3pQ0Zc5ug8V4AaABAg,@ArrowOnionbelly,Ok but your mom was so supportive,0,2025-02-13T19:03:40Z,False,0,
EnVab0wAtyQ,Ugy9Gpb0-mR1GbyC0R54AaABAg,@robinmarino227,I‚Äôm so grateful for subtitles in these videos üôè,0,2025-02-13T14:05:19Z,False,0,
EnVab0wAtyQ,UgxGM-wXwmx3gFd6XVZ4AaABAg,@AceLOL36,I love this guys videos bc I really wanna be sence but I've been called emo. Also with the music I listen too.,0,2025-02-13T10:02:18Z,False,0,
EnVab0wAtyQ,UgyxjmANTS8Eo3C1F4F4AaABAg,@winterwitch8914,We love her so much for trying.,0,2025-02-13T06:34:16Z,False,0,
EnVab0wAtyQ,Ugxk1awiMB0K7VcLX3J4AaABAg,@eliasaurous,I‚Äôm a trans guy too ‚ù§Ô∏èüè≥Ô∏è‚Äç‚ößÔ∏è,1,2025-02-13T06:26:40Z,False,0,
EnVab0wAtyQ,UgwkBANhmddDjco3zWR4AaABAg,@WinniePonyMusic,omg i had no idea you were trans that rocks!!,0,2025-02-13T06:23:39Z,False,0,
EnVab0wAtyQ,UgznkqfvGEB9FIN2iXp4AaABAg,@izzybzzBork0092,You looked great in everything man,0,2025-02-13T05:36:10Z,False,0,
EnVab0wAtyQ,UgwIMd2DAP6uZpPiGhJ4AaABAg,@the_weather_system,"My mom tries so hard to relate to me, but I gotta give her credit ‚ù§",0,2025-02-13T00:11:45Z,False,0,
EnVab0wAtyQ,UgyIg1ZVmDbPYVwG-2x4AaABAg,@peerlesscrypto9650,Oh heck nah what did i just watch this is the most cringest thing I have ever sence in my life,0,2025-02-12T22:01:13Z,False,0,
EnVab0wAtyQ,UgznODajAHrX_MwRNwh4AaABAg,@Kittylula333,"Out of all of them, i think my favorites are the emo and surfer >:3",0,2025-02-12T20:55:53Z,False,0,
EnVab0wAtyQ,Ugx5eUfIVifbxPr_HoB4AaABAg,@shaunaustin9805,If only someone had explained to you that you can't be a boy you can only pretend n play dress up we wouldn't have to see all these .,0,2025-02-12T18:13:44Z,False,0,
EnVab0wAtyQ,Ugz3hs4xGVQzhoJ_AKB4AaABAg,@kaiyalong190,that forever the sickest kids shirt just launched me back in time,0,2025-02-12T11:43:47Z,False,0,
EnVab0wAtyQ,UgwpN-XnFwh-sDzXHjl4AaABAg,@El√°rboldeJes√∫s,"Im so done with this shi , if u dont stop ima report u",0,2025-02-12T07:11:38Z,False,2,
EnVab0wAtyQ,UgwpN-XnFwh-sDzXHjl4AaABAg.AERC4IUqbUhAEi9T2b8uYE,@RaneIsInsane,Report him for what..? üò≠,0,2025-02-19T06:35:08Z,True,0,UgwpN-XnFwh-sDzXHjl4AaABAg
EnVab0wAtyQ,UgwpN-XnFwh-sDzXHjl4AaABAg.AERC4IUqbUhAHJTR3sS4xF,@RaibaruDev-,im gonna assume you sent this on the wrong video,0,2025-04-24T20:43:33Z,True,0,UgwpN-XnFwh-sDzXHjl4AaABAg
EnVab0wAtyQ,Ugw7XUqLyauk6vXRawp4AaABAg,@brain4154,how did you happen to gravitate towards literally all the very worst versions of all the very most cringe sub scenes üòÖ,0,2025-02-12T05:13:01Z,False,0,
EnVab0wAtyQ,Ugyr3CDcmuzxhj8Am8J4AaABAg,@mark-hoppus,first fit lowkey giving a.i. era bja or gerard,0,2025-02-12T04:04:53Z,False,0,
EnVab0wAtyQ,UgxyOuYJ7LxcE55iqnx4AaABAg,@JPGaming556,"Dude, I think I still live in the 2010s because I still skateboard and I‚Äôm still a skateboard kid I swear to God dude I meet up with my friends at a little club like at the back and then we just put some ramps back there and then the perverts come look at us and then they try to take us away one time I had to runso fast with my skateboard. I literally lost it and one of the perverts accidentally stepped on it when he was trying to chase us yeah I had to explain a lot to my mom yeah I got grounded for three weeks",0,2025-02-12T01:54:33Z,False,0,
EnVab0wAtyQ,UgwViiIj95zAeodw15t4AaABAg,@Sc0ut_G4m1ng,You look so cutie I love your videos üòä,0,2025-02-11T23:11:23Z,False,0,
EnVab0wAtyQ,UgzJkCxcvHAYy4pazGB4AaABAg,@nedalazarova1474,But ur mom was so supportive ü•∫‚ù§Ô∏è‚ù§Ô∏è‚ù§Ô∏èthose gifts are actually so thoughtful of her,0,2025-02-11T20:06:52Z,False,0,
EnVab0wAtyQ,UgybHUptyQ2c1ZGE_S54AaABAg,@allysontousignant591,Young you is to cuteüò≠üò≠,0,2025-02-11T17:55:43Z,False,0,
EnVab0wAtyQ,UgyHv5RlU19fc8kVYH54AaABAg,@Supernova_System,The fact that she's more annoyed with your constantly changing style is so funny. She's so supportive ‚ù§,0,2025-02-11T02:23:42Z,False,0,
EnVab0wAtyQ,Ugzpm5_yokLS58928j94AaABAg,@hwNi75sO1,This is some of my ultimate comfort content. ‚ù§ Love you Lew ‚ù§‚ù§‚ù§,0,2025-02-10T17:44:55Z,False,0,
EnVab0wAtyQ,UgwiFl2vWu9I3koB4up4AaABAg,@ImholdingKevinhostage,"Awhhh well at least she was supportive, that's so sweet",0,2025-02-10T12:34:47Z,False,0,
EnVab0wAtyQ,Ugw75yyif_D-z7tzNdJ4AaABAg,@LaDomiiT.O,You make me fear having kids and ruining their lyyyyfs,0,2025-02-10T07:46:21Z,False,0,
EnVab0wAtyQ,Ugw8iv_qeJEQlPOitih4AaABAg,@kyahlayaStevens,"I have one question,when at school which bathroom would you go in??",0,2025-02-09T22:19:57Z,False,0,
EnVab0wAtyQ,Ugzls1p5JHSU0IyxHpx4AaABAg,@camz0-00,YOU LOOK LIKE BILLIE JOE HELP?,0,2025-02-09T00:17:21Z,False,1,
EnVab0wAtyQ,Ugzls1p5JHSU0IyxHpx4AaABAg.AEIjHP0ifQtAEJy3QUMeOk,@hatsunemikufanbluehairbluetie,he looks like billie or gerard,1,2025-02-09T11:45:46Z,True,0,Ugzls1p5JHSU0IyxHpx4AaABAg
EnVab0wAtyQ,UgxrVBiSVg-SjDuWspx4AaABAg,@NettieKlimkowicz,‚Äúfcuk‚Äù such inspiring words,0,2025-02-08T21:49:09Z,False,0,
EnVab0wAtyQ,Ugw5VcXai5ri_pT8HQR4AaABAg,@local-r04dk1ll,The receipts make these SO much better,5,2025-02-07T23:58:38Z,False,0,
EnVab0wAtyQ,UgxEQpRxYTFFqGXVSQB4AaABAg,@Art-Av3nue,THE OUTFIT REMINDED ME OF BILLIE JOE ARMSTRONG BLACK AND RED TIE FIT,1,2025-02-07T16:24:29Z,False,0,
EnVab0wAtyQ,UgwczJMY8iX2OELqrTN4AaABAg,@n1k0659,"""You cheeky mare"" and ""I'm gonna throttle ya"" is far too ingrained in my british childhood. Too relatable lmaoo",174,2025-02-06T17:40:49Z,False,0,
EnVab0wAtyQ,UgzIXcuipaNb00TPUrp4AaABAg,@___MarCoCk___,Billie joe armstrong american idiot era outfit whit the red necktie,1,2025-02-05T14:28:12Z,False,0,
EnVab0wAtyQ,UgwYTj5dhf_qS3Zv3IR4AaABAg,@user-cv1zs2pb2f,The acuracy in the throwback clips is crazy üòÇ,0,2025-02-05T14:12:31Z,False,0,
EnVab0wAtyQ,UgwrpLKp53gaIk0whwh4AaABAg,@SS-mz7dl,Thank you for coming with receipts. Yall couldn't waterboard my teen phase photos out of me,0,2025-02-04T18:20:39Z,False,0,
EnVab0wAtyQ,Ugzxa2XlE9tdBF66vc14AaABAg,@FoulCrayon,My mom would‚Äôve just said the hell with it and gave up lmfao,0,2025-02-04T05:41:14Z,False,0,
EnVab0wAtyQ,UgwF8FMi_s-xXYecE3p4AaABAg,@Grey-d3u,The rap phase üî•like me,0,2025-02-04T02:35:24Z,False,0,
EnVab0wAtyQ,Ugxfu4Wa-xZkE9CGFAt4AaABAg,@user-bazinga2,Omg you were so cute,1,2025-02-03T19:50:10Z,False,0,
EnVab0wAtyQ,Ugz7Lu0cbClH2HLgUdV4AaABAg,@xX1chig0_M4rshmwllowXx,Billie Joe Armstrong spotted,1,2025-02-03T02:06:45Z,False,1,
EnVab0wAtyQ,Ugz7Lu0cbClH2HLgUdV4AaABAg.AE3U1PPjBTNAExWAUCklwc,@achillescomedown,"i'm pretty sure that's gerard way, the bg music sounds a lot like i'm not okay (i promise)",0,2025-02-25T05:42:11Z,True,0,Ugz7Lu0cbClH2HLgUdV4AaABAg
EnVab0wAtyQ,UgwJSyXH4RA5u3-aXPZ4AaABAg,@ryanmiller6333,You can not be real,0,2025-02-02T21:32:07Z,False,0,
EnVab0wAtyQ,Ugxc3m86t7RaAwXtLAl4AaABAg,@AmberJadeEbrada,"WHY ISNO ONE TALKING ABOUT THE""Fcuk""",0,2025-02-02T08:14:41Z,False,0,
EnVab0wAtyQ,UgyG01lTq_qGp-pmEZl4AaABAg,@ketchviv,The mum being so supportive ‚ù§ you really killed all of the trends too!!!,2,2025-01-29T10:24:32Z,False,0,
EnVab0wAtyQ,UgyN-cA6S8JwSNwbmmZ4AaABAg,@nicole.loves.surfing15,THE FIRST FIT IS GIVING BILLIE JOE ARMSTRONG FROM GREEN DAY,1,2025-01-29T01:38:03Z,False,0,
EnVab0wAtyQ,Ugyg6bZwiAf8XEgEd5l4AaABAg,@Mistymeaner0606,The forever the sickest kids shirt omg,0,2025-01-28T11:55:22Z,False,0,
EnVab0wAtyQ,UgyRTxRiPCAh0HOai9N4AaABAg,@yourmomlikememore,gerard way is that you,0,2025-01-28T03:03:10Z,False,0,
EnVab0wAtyQ,UgwurEPb-MevKSZtTS14AaABAg,@ikermb2000,The pop pink flow goes pretty hard,0,2025-01-27T16:43:35Z,False,0,
EnVab0wAtyQ,Ugz4YifJZ5ccOUpgkKp4AaABAg,@hermi1-kenobi455,"Bless her, trying her best",0,2025-01-27T00:54:46Z,False,0,
EnVab0wAtyQ,Ugy4myI28exf1Oi8Jgt4AaABAg,@abigailtensen9771,I feel so bad for that mom üò¢üò¢üò¢üò¢ She was trying so hard and trying to love her son this is killing me,1,2025-01-26T23:57:20Z,False,1,
EnVab0wAtyQ,Ugy4myI28exf1Oi8Jgt4AaABAg.ADmDeMERRewAEJy88h8uhE,@hatsunemikufanbluehairbluetie,it‚Äôs a skit,0,2025-02-09T11:46:24Z,True,0,Ugy4myI28exf1Oi8Jgt4AaABAg
EnVab0wAtyQ,UgwYdXd4600bUnmhM9h4AaABAg,@abigailtensen9771,In conclusion don't buy your kids stuff,0,2025-01-26T23:56:30Z,False,0,
EnVab0wAtyQ,Ugwjp6sCpa8A69ayVzp4AaABAg,@yeshflanagan,I'm saying in my head ''Hi Green Day!'',1,2025-01-25T12:35:33Z,False,1,
EnVab0wAtyQ,Ugwjp6sCpa8A69ayVzp4AaABAg.ADiQpw4GX2cADrYizU3rD6,@nicole.loves.surfing15,I WAS LOOKING FOR THIS COMMENT HELP,0,2025-01-29T01:37:40Z,True,0,Ugwjp6sCpa8A69ayVzp4AaABAg
EnVab0wAtyQ,UgwTtayYpCGE428l7wF4AaABAg,@gforce07,That poor mum tryin so hard üò≠,0,2025-01-24T17:38:54Z,False,0,
EnVab0wAtyQ,UgzANC7smNv9FxfICUZ4AaABAg,@mrpeterson1481,It makes me feel very old I remember seeing a lot of people dressed like this üòÇ,0,2025-01-24T16:32:19Z,False,0,
EnVab0wAtyQ,Ugzdm9rnvCDzJcyuxMp4AaABAg,@Caseohfan5786,GERARD WAYYY,0,2025-01-22T23:16:56Z,False,1,
EnVab0wAtyQ,Ugzdm9rnvCDzJcyuxMp4AaABAg.ADbqr-AWwilADo58G8lPqI,@ByDa09,Billy joe Armstrong,0,2025-01-27T17:21:23Z,True,0,Ugzdm9rnvCDzJcyuxMp4AaABAg
EnVab0wAtyQ,UgzcJxQoJ4GZ-xJOOiF4AaABAg,@sleepwalkingsky,need a playlist of these songs,3,2025-01-22T22:56:29Z,False,0,
EnVab0wAtyQ,Ugx2k6PzI04l7E1YpAF4AaABAg,@xxana.off1c3al,NAH THE EMO ONE LOOKS LIKE BILLIE JOE ARMSTRONG FROM GREEN DAY!!! üò±üò±üò±,3,2025-01-21T17:52:52Z,False,0,
EnVab0wAtyQ,Ugy0lFg_kocfKM1eSV94AaABAg,@sobers8105,Poor mum üò≠üòÇ,0,2025-01-21T08:37:47Z,False,0,
EnVab0wAtyQ,UgyJBfNqkfVYBV6wE2t4AaABAg,@ravensong7128,I love how she keeps trying!,0,2025-01-20T23:17:56Z,False,0,
EnVab0wAtyQ,Ugw-sbqKsSJdMcusKO94AaABAg,@FallonEversult,"Omg I had that first outfit, literally to a T üòÇ I still love it, major early MCR vibes",0,2025-01-20T15:56:31Z,False,0,
EnVab0wAtyQ,UgzTh5DTg_N0_Qz6_rx4AaABAg,@EldritchReyes,"Thank fuck I didn't do that lol just more goth shit to cover up as much skin as I could because I hated my body, it didn't have tits (it does now though lol)",0,2025-01-20T15:50:31Z,False,0,
EnVab0wAtyQ,Ugz5W5uHhCgd4h83SHZ4AaABAg,@stoopid_squid05,i love pop punk surfer dude so much,0,2025-01-20T07:48:35Z,False,0,
EnVab0wAtyQ,UgxxQG0PqtiXfit4max4AaABAg,@hissifit,just one shoe üò≠,0,2025-01-20T02:33:53Z,False,0,
EnVab0wAtyQ,UgzNjiWrwdqksGFwUNB4AaABAg,@Wolfbitten14,Sounds like you have identity issues then and continue to have identity issues with you how keep lingering on your past self.,0,2025-01-19T13:58:19Z,False,2,
EnVab0wAtyQ,UgzNjiWrwdqksGFwUNB4AaABAg.ADU7XrAut3XADjq9ETV3Br,@vOID-fh1qt,you didn't change the way you dressed from 14-18? that's a little concerning,0,2025-01-26T01:44:45Z,True,0,UgzNjiWrwdqksGFwUNB4AaABAg
EnVab0wAtyQ,UgzNjiWrwdqksGFwUNB4AaABAg.ADU7XrAut3XADjqEe9TkF2,@vOID-fh1qt,"also, he makes videos about being trans & alternative, that is literally the theme, relatability",0,2025-01-26T01:45:29Z,True,0,UgzNjiWrwdqksGFwUNB4AaABAg
EnVab0wAtyQ,UgygQ1fEaVuEk2DyVx14AaABAg,@TheVariableXtr,"The answer to all the amazing moms in the world: gift socks, of all colorsüòÇ never in the wrong with those",0,2025-01-18T23:57:15Z,False,0,
EnVab0wAtyQ,UgzcDomXFp9RzIdw5vF4AaABAg,@ChrisDump-ek2zq,Thats a hella glow downüóø,0,2025-01-17T16:15:58Z,False,1,
EnVab0wAtyQ,UgzcDomXFp9RzIdw5vF4AaABAg.ADPDhL1iv2aADPnnRm5OTj,@samiam2003,its noy he slays,3,2025-01-17T21:40:07Z,True,0,UgzcDomXFp9RzIdw5vF4AaABAg
EnVab0wAtyQ,Ugyj9V8KWvNW5TITOXR4AaABAg,@jacksp1126,The mom trying to keep up is so relatable. It does happen over night. My daughter hated makeup then one day I go to leave and she comes out with full face of makeup like what?,0,2025-01-17T15:29:55Z,False,0,
EnVab0wAtyQ,UgwgBUtXHKuGM6j6GUp4AaABAg,@duckdodgers3574,"Ahh, the old, good trusted Homer manouver",0,2025-01-17T05:57:54Z,False,0,
EnVab0wAtyQ,UgzpwuDP0OhlfOT1es94AaABAg,@ToxicWaste-y9n,I choked with the track boy photo-,2,2025-01-17T03:43:40Z,False,0,
EnVab0wAtyQ,UgyDIb2lCuGKQNNoDPp4AaABAg,@thedream-dreamies,so are u originally boy or girl?,0,2025-01-16T13:40:54Z,False,3,
EnVab0wAtyQ,UgyDIb2lCuGKQNNoDPp4AaABAg.ADMN9ga3SQyADMk4p43QnJ,@Ori_my_„É¢„É´„É¢„Éà,Girl but he is trans now,1,2025-01-16T17:09:57Z,True,0,UgyDIb2lCuGKQNNoDPp4AaABAg
EnVab0wAtyQ,UgyDIb2lCuGKQNNoDPp4AaABAg.ADMN9ga3SQyADMt7lkHYKR,@thedream-dreamies,@ ty,0,2025-01-16T18:29:00Z,True,0,UgyDIb2lCuGKQNNoDPp4AaABAg
EnVab0wAtyQ,UgyDIb2lCuGKQNNoDPp4AaABAg.ADMN9ga3SQyADNTrrleu41,@Ori_my_„É¢„É´„É¢„Éà,@ np,0,2025-01-16T23:58:44Z,True,0,UgyDIb2lCuGKQNNoDPp4AaABAg
EnVab0wAtyQ,UgxkgMn2XNO2Wi0fK314AaABAg,@thatperson8748,Out of curiosity why does your teen self always have rosy cheeks? I don‚Äôt want to come across as rude you are one of my fav content creators :) and as a queer lad myself I just love you and your respect for your kid self. Just curious? Is it a medical thing?,0,2025-01-16T04:40:49Z,False,1,
EnVab0wAtyQ,UgxkgMn2XNO2Wi0fK314AaABAg.ADLPLzgqMQAADjqJf7t9Sc,@vOID-fh1qt,probably flushed from being drunk,0,2025-01-26T01:46:11Z,True,0,UgxkgMn2XNO2Wi0fK314AaABAg
EnVab0wAtyQ,UgxBFCeyozewj5MxNA14AaABAg,@_ST4R..,It‚Äôs Gerard wayüò±üò±üò±,0,2025-01-15T21:27:13Z,False,0,
EnVab0wAtyQ,UgxqiesT-gHGqUeCLTp4AaABAg,@EvaValley_LotusGoat,I love how you reenact these and intertwine yourself and real clips of you back then. So well put together,974,2025-01-15T21:15:40Z,False,1,
EnVab0wAtyQ,UgxqiesT-gHGqUeCLTp4AaABAg.ADKbPcqe_wzADKbSHAmJGh,@EvaValley_LotusGoat,Also love your self awareness and humor,6,2025-01-15T21:16:02Z,True,0,UgxqiesT-gHGqUeCLTp4AaABAg
EnVab0wAtyQ,Ugz85LvohLnfDgZ0sa54AaABAg,@kris_jenner_is_a_cryptid_,All my scene pics were on MySpace and disappeared into who knows where. I cant find them. Tom owes me an apology.,0,2025-01-15T20:17:21Z,False,0,
EnVab0wAtyQ,UgzMFn2qgB6Muqj0UW14AaABAg,@Cat911-q1s,Man I'd just take them and wear it cus my mum would rarely give me that shi-,0,2025-01-15T13:49:46Z,False,0,
EnVab0wAtyQ,UgwrE0__KzewlCf7FhR4AaABAg,@FeetFeetareyumy,Bro I‚Äôm so confusedüò≠üò≠üò≠ are they a boy or girllllüò≠,0,2025-01-15T03:28:44Z,False,4,
EnVab0wAtyQ,UgwrE0__KzewlCf7FhR4AaABAg.ADIhJCETA2PADJ1zLq8-OT,@CocoLuvzPinkPantheress,He is a boy. He makes a lot of skits about his experience as a trans man.,0,2025-01-15T06:38:08Z,True,0,UgwrE0__KzewlCf7FhR4AaABAg
EnVab0wAtyQ,UgwrE0__KzewlCf7FhR4AaABAg.ADIhJCETA2PADJ2HRvy7YZ,@FeetFeetareyumy,@@CocoLuvzPinkPantheress oh ok so he use to be a girl?,0,2025-01-15T06:40:44Z,True,0,UgwrE0__KzewlCf7FhR4AaABAg
EnVab0wAtyQ,UgwrE0__KzewlCf7FhR4AaABAg.ADIhJCETA2PADJ36-wRyDH,@CocoLuvzPinkPantheress,@@FeetFeetareyumy yes,0,2025-01-15T06:47:55Z,True,0,UgwrE0__KzewlCf7FhR4AaABAg
EnVab0wAtyQ,UgwrE0__KzewlCf7FhR4AaABAg.ADIhJCETA2PADJ3NO-4_Hd,@FeetFeetareyumy,@ k,0,2025-01-15T06:50:17Z,True,0,UgwrE0__KzewlCf7FhR4AaABAg
EnVab0wAtyQ,UgwdfbcNqWQE0qad6i54AaABAg,@kitcrinson,"Now I'm the mum, my daughter decided she was a therian a bit ago, naturally got her all the stuff for Xmas and now I think she's changed her mind. Ffs üòÖ 

I feel your mums pain, money dont grow on trees you know! üòÇ",0,2025-01-14T04:09:34Z,False,0,
EnVab0wAtyQ,UgydSGAOI0IgqUfdW-B4AaABAg,@someothername7886,We love a supportive mom üòä,0,2025-01-14T01:30:29Z,False,0,
EnVab0wAtyQ,UgzttHUoBRKlC0YIH6V4AaABAg,@Hope-f5t,I like the Emp boy better,0,2025-01-13T20:15:01Z,False,0,
EnVab0wAtyQ,UgyS8iZeghJsHHaywph4AaABAg,@HopeSinclair-x3d,You're so not coooouuull,0,2025-01-13T07:31:37Z,False,0,
EnVab0wAtyQ,UgxEMYIFwMmaFSdqYRl4AaABAg,@Gwenythreece05,https://youtube.com/shorts/EnVab0wAtyQ?si=uuq3YsJnnG2aYpvY,0,2025-01-13T02:49:58Z,False,0,
EnVab0wAtyQ,Ugzk1PkzaBKFtxU0Thh4AaABAg,@lowjayP,Not the crunk core scene kid! üò≠ some things are best left in the past.,0,2025-01-12T15:14:59Z,False,0,
EnVab0wAtyQ,UgwMXMVU9nIw6HmVG2B4AaABAg,@jiru331,not the chav lewisüò≠,0,2025-01-11T22:27:21Z,False,0,
EnVab0wAtyQ,UgxxkQo66-2JY_vB7194AaABAg,@hollischeblume6393,Ok but I'm Gerard Way now haha,0,2025-01-09T16:46:14Z,False,0,
EnVab0wAtyQ,UgxUXxjIZ7YWe9iJa8p4AaABAg,@Ssdgg8,That last style is so fire lowkeeeyy,1,2025-01-09T11:54:58Z,False,0,
EnVab0wAtyQ,UgyDaw_26VJ5sROFg014AaABAg,@artywolve,"This reminds me of a children's story I must have read...well  when I was a child when I think about it ^^"" about a little boy who wanted to play with his neighbours, and they were playing play-pretend with fancy dress, and I think his family kept making him costumes, and by the time they made the costumes and he turned up ready to play the kids had either already moved on to a different game, or actively dropped it for something else so that he couldn't join in. I don't remember exactly how things turned around, but I remember by the end he got fed up of their shit when his family was spending so much time and effort making him costumes so he decided to play what he wanted in his own garden and then the other kids became envious so I guess he became the trend setter instead ^^",0,2025-01-08T22:37:22Z,False,0,
EnVab0wAtyQ,UgxXIsEV10y1Jjg6XbF4AaABAg,@that_bananaguns_guy,the trans guy life cycle,0,2025-01-08T10:20:07Z,False,0,
EnVab0wAtyQ,Ugx4t1SwNWfZSlkL63R4AaABAg,@CRK-IsMyLifeNow,"I feel this is this is only guy who has the balls to post his teenage picks to the internet, I RESPECT THAT AND ITS HILARIOUSü´°",0,2025-01-07T14:47:39Z,False,0,
EnVab0wAtyQ,UgxGQGrhKOawpWZ3GUt4AaABAg,@sherwinyamanguchi7002,When the pick of him as a Chav boy I thought it was trump,0,2025-01-07T12:53:51Z,False,0,
EnVab0wAtyQ,UgyXYza1D6ecXQ1KNOV4AaABAg,@Hunter-ts1md,Bro what the actual fuck did I just watch üò≠üò≠üíÄüíÄ,0,2025-01-07T03:39:29Z,False,0,
EnVab0wAtyQ,UgzOHpthnokQtSipVql4AaABAg,@ajnajaramillo4474,gat deam,0,2025-01-07T02:45:34Z,False,0,
EnVab0wAtyQ,Ugy6nBRW84IO3SHge7R4AaABAg,@moonicak3,PASABA POR TODAS LAS FASES EXISTENTESü§£ü§£ü§£,0,2025-01-06T19:02:06Z,False,0,
EnVab0wAtyQ,UgwLK9tmHK51Zud5xcR4AaABAg,@Valeria-n2s7r,Ngl he was kinda cute,0,2025-01-05T22:08:54Z,False,0,
EnVab0wAtyQ,UgwuIsN00TAr3dTFwat4AaABAg,@ASMR_Ev_an,Your mom is really sweet ‚ù§,1,2025-01-05T16:53:54Z,False,0,
EnVab0wAtyQ,UgyFJeRZ1N6j33Y9DDl4AaABAg,@sam1925,the first outfit was so billie joe armstrong üòÇ,0,2025-01-05T13:38:46Z,False,0,
EnVab0wAtyQ,UgzvBVEElzyEzF4Dr6t4AaABAg,@barbelmeier741,"Your mom's so sweet. I meen she try it, I wish my mom had!üò±",0,2025-01-05T11:11:14Z,False,0,
EnVab0wAtyQ,UgzHErcumya1rxuRBuR4AaABAg,@EllieQuigley.,You have proof for everything!!,0,2025-01-05T09:44:37Z,False,0,
EnVab0wAtyQ,UgzjbLTY3I5kOC0H6c94AaABAg,@RoseBoobyer,üòÆ soo giveing,0,2025-01-04T23:00:43Z,False,0,
EnVab0wAtyQ,UgwzBwBQeSjR_p-GdyJ4AaABAg,@Vee-t2h,Revenge gerard way (yes im emo),0,2025-01-03T18:42:16Z,False,0,
EnVab0wAtyQ,Ugzk1950ydo0W707DWl4AaABAg,@ArtBorger,the mom is so sweet ‚ù§,0,2025-01-03T17:31:11Z,False,0,
EnVab0wAtyQ,UgySc34B96ZM6nLdQ-94AaABAg,@mitzukocastrosashida2052,teen you wouldve made such a great skins character,0,2025-01-02T17:17:05Z,False,0,
EnVab0wAtyQ,Ugx_gcvl3ZaR_pAJJP54AaABAg,@Midnight_in_stars,No one noticing how the mom only got him one shoe and the sticker on the hat was her in lewis' drawing style,0,2025-01-01T19:21:34Z,False,0,
EnVab0wAtyQ,UgxRmLxgv-sQPBazNgl4AaABAg,@Brodingles,"Unever qent through any of these phases and I still feel called out for aome reason üò≠

Love this, thank you for including the old pics!",0,2024-12-31T08:59:01Z,False,0,
EnVab0wAtyQ,UgxoaPEs-ykFYClOjGB4AaABAg,@NickMihele,Was your name gerard way perchance?,0,2024-12-29T18:32:45Z,False,0,
EnVab0wAtyQ,Ugz7X8xUIYRFiYkkY494AaABAg,@I1Yearoldartist,Why do you kinda look like that one guy from MSI,0,2024-12-28T10:22:45Z,False,0,
EnVab0wAtyQ,Ugw-0c_xEfyIBVrg9cV4AaABAg,@zoelak1285,Reminds me of all the gay merch my parents get me since I came out of the closet they really do try and you bet your ass I‚Äôm gonna wear everything they get me,0,2024-12-28T00:45:11Z,False,0,
EnVab0wAtyQ,UgyUCyzBqhO62Cln_GZ4AaABAg,@jodemon1wg,durrr... omg felt that,0,2024-12-27T22:24:58Z,False,0,
EnVab0wAtyQ,UgxR1PRW7TDhPJRQL_p4AaABAg,@linkinjayce,the way these are all me lol,0,2024-12-27T22:00:23Z,False,0,
EnVab0wAtyQ,Ugz8y4tncCjoclB8Y-J4AaABAg,@marialowe9251,the first otfit reminds me of gerard way,0,2024-12-27T14:56:53Z,False,0,
EnVab0wAtyQ,Ugxbsg1XREhhi8tFoYh4AaABAg,@Eman23244sssss,And it means fuck,0,2024-12-26T18:23:58Z,False,0,
EnVab0wAtyQ,UgxuBfiRbsdPeCovCCR4AaABAg,@Jaytheemo,GERARD REF OMG!!!,1,2024-12-25T13:11:09Z,False,0,
EnVab0wAtyQ,UgxN32U5xr0C-zvqDml4AaABAg,@LibiaBooze,What kind of music did you listen to?,0,2024-12-24T07:51:04Z,False,0,
EnVab0wAtyQ,UgyVMLjhOCRF02EgOLd4AaABAg,@mikeylibra5233,You and ur mom seem so sweet!,0,2024-12-23T22:10:54Z,False,0,
EnVab0wAtyQ,UgzdouJOLoVY-5-DHVZ4AaABAg,@SillyPuppetShow,Nah bcs my mom and I only buy clothes once a year and this is literally her trying to keep up with my teen identity crisis,0,2024-12-23T19:57:16Z,False,0,
EnVab0wAtyQ,UgxZPSiVc6_idsGa5z54AaABAg,@amysanders9494,Oh my! I went through every phase as you! Brilliant you have the evidence!,0,2024-12-23T14:27:23Z,False,0,
EnVab0wAtyQ,UgwTZK9YC4V5A8m7rS94AaABAg,@boingooingo3317,"U went through all the trends, including trends i didnt even know about LOL",0,2024-12-23T12:06:53Z,False,0,
EnVab0wAtyQ,Ugw4_0k48o0rtCx5VeR4AaABAg,@Roo_Bear,This is what moms are supposed to be like.,0,2024-12-23T05:55:23Z,False,0,
EnVab0wAtyQ,UgzBG1CUMRcvWOIJ5954AaABAg,@AnastaseroPatatero,Ammmm im the only one that thinks that when you were a teen-ager you were cuteeeeeü•≤ü•≤ü•≤ü•≤,0,2024-12-22T21:07:44Z,False,0,
EnVab0wAtyQ,Ugyiv3zSrKYY3JLH_4l4AaABAg,@wonyoung_life111,"i love your mom, dayum",0,2024-12-22T17:13:54Z,False,0,
EnVab0wAtyQ,UgyTAjZsh_JroEHDsXJ4AaABAg,@unchartedtombraider944,Ok I love this it‚Äôs too accurate üòÇ ‚ù§,0,2024-12-22T00:07:05Z,False,0,
EnVab0wAtyQ,Ugy1wDYn7q3QfApJR0t4AaABAg,@TylonVanrensburg,bro had to say one more k,0,2024-12-20T22:03:35Z,False,0,
EnVab0wAtyQ,UgzmUVy1N-Jmh9bGeo94AaABAg,@th3fall0fIcarus,"i'm gonna go up to my mom and say ""ur SO not KEWL"" although she literally dresses the same as me",0,2024-12-20T21:44:29Z,False,0,
EnVab0wAtyQ,UgydoO_KKwwJbdIou6R4AaABAg,@Plenny-j7w,You said guy for most of them and I think you‚Äôre mistaken. You‚Äôre a girl,0,2024-12-20T19:09:58Z,False,1,
EnVab0wAtyQ,UgydoO_KKwwJbdIou6R4AaABAg.ACHRMBZ5GCVADFTv457-T1,@acidfvngz,‚Äúyou‚Äôre a girl‚Äù the most manly man to ever man on the screen:,0,2025-01-13T21:25:15Z,True,0,UgydoO_KKwwJbdIou6R4AaABAg
EnVab0wAtyQ,Ugzr_TkgueuiFWszwkJ4AaABAg,@mariahflennory9229,What a good mother ‚ù§üòÇ,0,2024-12-20T17:57:49Z,False,0,
EnVab0wAtyQ,UgwIscOgBThWqejgES54AaABAg,@Ovsyanches,I'm literally in tears üòÇüòÇüòÇ,0,2024-12-20T14:13:15Z,False,0,
EnVab0wAtyQ,Ugxun8Zby-LX7Vwfng54AaABAg,@-syo-aka-ibu2.0,THE GERARD WAY FIT OGMMG,0,2024-12-19T18:13:26Z,False,0,
EnVab0wAtyQ,Ugxc_Li32KYPPUyvnZF4AaABAg,@owngamesgamer4030,in the first one you straight up looked like a green day member LMAO,2,2024-12-19T15:02:20Z,False,0,
EnVab0wAtyQ,Ugw8EICKRvZizjpL5UF4AaABAg,@SpecialNameHere,I fear i would have fallen hard for pop punk surfer dude Lewis if we had crossed paths üòÇüòÇüòÇüòÇ,0,2024-12-19T15:01:49Z,False,0,
EnVab0wAtyQ,UgzLpYvfeGYs1FgIvRN4AaABAg,@colleenrenee3120,Pretty sure I‚Äôve worn at least 3 of these outfits before and I feel personally attacked,0,2024-12-19T08:36:17Z,False,0,
EnVab0wAtyQ,UgxAdkWwMdrhHABqYZB4AaABAg,@washingtonunibound,She was tryin so hard though we love a supportive mom!! Also the pop punk surfer was so good lmao ü§£,0,2024-12-19T04:33:02Z,False,0,
EnVab0wAtyQ,Ugws8jDoz-toNOiehdN4AaABAg,@Maxine-o2c,lol the outfit in when going to the party was giving MCR‚ù§,0,2024-12-19T00:38:33Z,False,0,
EnVab0wAtyQ,UgzoZ_OEaxXfOyfZjlZ4AaABAg,@berniceostroff3498,Live laugh love Gerardway,0,2024-12-19T00:37:43Z,False,0,
EnVab0wAtyQ,Ugy2-6gsJSvRd2PrZ0x4AaABAg,@tom_oko,The gee fit,0,2024-12-19T00:09:49Z,False,0,
EnVab0wAtyQ,Ugy6he9pVbfZyNKRWxZ4AaABAg,@sifodonald7100,"Man, mom can‚Äôt catch a break can she",0,2024-12-18T17:55:20Z,False,0,
EnVab0wAtyQ,UgzhDyPymAk0LXiSE3Z4AaABAg,@Itsgivingglamorous,Poor mum üò≠,0,2024-12-18T17:34:31Z,False,0,
EnVab0wAtyQ,Ugw2ZfiQsTbhqVzoBUN4AaABAg,@hiatoPS,"Wow, she cared about you and actually wants to support your style, that‚Äòs so cool!",0,2024-12-18T00:36:26Z,False,0,
EnVab0wAtyQ,UgxvTGxRPhUZi4BQe3x4AaABAg,@charliemcdowell5231,"so wholesome, mom is trying!",1,2024-12-17T01:34:03Z,False,0,
EnVab0wAtyQ,Ugy_T0WSKORwoBOkDPp4AaABAg,@kaleahcollins4567,Poor mum . You were a cheeky sod weren't you üòÇ,1,2024-12-16T01:38:35Z,False,0,
EnVab0wAtyQ,UgyhuLBOqJx1QC5zP0t4AaABAg,@Emory_da_falbulous_killjoy,No he‚Äôs going Helena‚Äôs funeral,1,2024-12-15T20:35:47Z,False,0,
EnVab0wAtyQ,UgwRmSZ3tQANvhii91F4AaABAg,@kendrajimenez8806,YES I LOVE SCENE KIDSS,1,2024-12-15T18:03:44Z,False,0,
EnVab0wAtyQ,UgxyH3r6CGpN5lLVNtB4AaABAg,@Your_localemokidX3,The chav boy got me dyingg,2,2024-12-14T11:58:49Z,False,0,
EnVab0wAtyQ,Ugy8zu0G1_yOe43ak8F4AaABAg,@velvetbat-r2p,Wait go back to crunk cuz like it so suits,1,2024-12-14T06:33:48Z,False,0,
EnVab0wAtyQ,UgzBr4LuzrMqnsMsgcx4AaABAg,@happy_clouds210,not the red tie gerard fitüò≠üò≠üò≠,1,2024-12-13T01:13:47Z,False,0,
EnVab0wAtyQ,Ugz70G8Diop1FHHZ5ap4AaABAg,@alex_enby,Okay but you actually rocked that blonde hair,1,2024-12-12T18:37:31Z,False,0,
EnVab0wAtyQ,UgzVjzPYLtirh4Hfz114AaABAg,@The_ghegh,Lewis has gone through more eras in this video than taylor swift,1,2024-12-12T13:30:05Z,False,0,
EnVab0wAtyQ,UgynLvhILHn8Uc-Ba754AaABAg,@hanabihananan,"Atleast mom's trying to understand, and buying stuff for her child to enjoy‚ÄºÔ∏è",1,2024-12-12T11:42:41Z,False,0,
EnVab0wAtyQ,UgwQa1B5-j4IAbyOked4AaABAg,@mandam6796,What a good mom üò¢,1,2024-12-11T22:29:56Z,False,0,
EnVab0wAtyQ,UgwjMwNClKVb99FYFOd4AaABAg,@vanilla9955,Damn I would hate my kid if they were ungrateful for the gifts I gave them,0,2024-12-11T03:32:25Z,False,0,
EnVab0wAtyQ,UgxanMnKAKv0RWgT80d4AaABAg,@Go.To.HeII.Zack..00,THD CHEEKS ARE SO AVERAGE I LOVE IT,0,2024-12-10T14:36:23Z,False,0,
EnVab0wAtyQ,UgxOGFhsnD-U2jULGVt4AaABAg,@JeffTotty,This is so disturbing.  Baker Act this dude.,0,2024-12-10T13:06:56Z,False,0,
EnVab0wAtyQ,UgwkzD4F1c1jtkw-loJ4AaABAg,@bloopbee_,pop punk surfer dude is so my type  üòÇ,2,2024-12-09T02:29:18Z,False,0,
EnVab0wAtyQ,Ugy59tk5e2tAf-ycjNF4AaABAg,@ellisiavalvona5442,at least she tryed,1,2024-12-09T00:35:16Z,False,0,
EnVab0wAtyQ,UgzKXC10xpk3awr2ibt4AaABAg,@itsblacksaphhirecookielive,Me changing my eras every day:,1,2024-12-08T20:39:15Z,False,0,
EnVab0wAtyQ,Ugz9RgQ58mlVK8pbCDt4AaABAg,@ST4RSH4PED,honestly the chav era kind of ate,0,2024-12-08T10:35:48Z,False,0,
EnVab0wAtyQ,UgyFM0lfVmL7udAG3Mh4AaABAg,@someones_idiot,Mom just wanted to get some gifts for her child üò≠,1,2024-12-07T21:57:04Z,False,0,
EnVab0wAtyQ,UgwdIKaWdubrWoxoJEZ4AaABAg,@ashiskumardutta7746,I still can't tell if your a boy or a girl in the pics,0,2024-12-07T19:17:02Z,False,1,
EnVab0wAtyQ,UgwdIKaWdubrWoxoJEZ4AaABAg.ABkypgEZtqJAC8aLzLhra6,@prageruwu69,"he's trans, he was early in his transition in those pics",0,2024-12-17T08:44:09Z,True,0,UgwdIKaWdubrWoxoJEZ4AaABAg
EnVab0wAtyQ,UgzqPMdiuihU08hMIY54AaABAg,@zqueen1229,You were a very difficult teen üòÇ,0,2024-12-06T22:34:17Z,False,0,
EnVab0wAtyQ,UgwLyCLjyn6sX6Kc9Ld4AaABAg,@babydontyoucry7909,"you were so stressin your mum out abt all the different looks lmaoo but good on her for tryin her best
and trying to find a fashion style you like best on yourself is hard lol",0,2024-12-06T20:37:59Z,False,0,
EnVab0wAtyQ,Ugz1Ywxm7eaQSpgC9VR4AaABAg,@donotbememaxvoid77,Mom and everyone can't keep up. It switched too fast. Not that fast in fashion changes before the late 90s and 200s. It just kept changing faster.üòÇüòÇüòÇ,0,2024-12-06T11:00:51Z,False,0,
EnVab0wAtyQ,UgznXdw5mlp7nqcgpPd4AaABAg,@luhsenna4718,this man really lived a thousand lives,0,2024-12-05T23:47:53Z,False,0,
EnVab0wAtyQ,Ugy8HBOCsBOWNnfgKIZ4AaABAg,@PaperPlane675,definitely a compliment but I feel like your younger self looks like Billie Joe üò≠üôèüíì ITS SO SWEET,0,2024-12-05T21:05:12Z,False,0,
EnVab0wAtyQ,UgwhWA2ZvAvqRE4h_kx4AaABAg,@kingraf8,There is more style in this video than I've ever had in my entire life,0,2024-12-05T14:15:00Z,False,0,
EnVab0wAtyQ,UgyrEqijtfa5tmGCpQB4AaABAg,@ThatOneWeirdKid200,Why the chev boy,0,2024-12-04T23:34:27Z,False,0,
EnVab0wAtyQ,Ugw_eBAX6jk5DCLafwF4AaABAg,@mime4608,does anybody know the song name of the chav phase?,0,2024-12-04T22:14:07Z,False,0,
EnVab0wAtyQ,Ugw4BOJBGU2G8lP3Iuh4AaABAg,@Ash_..11037,CAN WE JUST TALK ABOUT THAT LAST PICTURE,0,2024-12-04T15:05:07Z,False,0,
EnVab0wAtyQ,UgzN6GxvApw5kXGX6Il4AaABAg,@magnarcreed3801,Your mom‚Äôs so sweet and supportive.,0,2024-12-04T12:18:40Z,False,0,
EnVab0wAtyQ,UgwbcqsC_1orAqnXi-14AaABAg,@chaoskatzemiyo5621,At least Mom tried üòÇ‚ù§,0,2024-12-04T07:40:09Z,False,0,
EnVab0wAtyQ,UgzTw7mXxn_Ao7Ubmdp4AaABAg,@dassah-b4t,im not agenst it or anything but you look like exacly like a boy but you were a girl when you  were lil right? im like not agenst it just wanted to know lol,0,2024-12-03T06:26:41Z,False,0,
EnVab0wAtyQ,UgzvnGGFLXQOGsJG9kp4AaABAg,@Jellyfroggie6222hehe,I love that the mom will go and buy clothes for the son every time he changes his style‚ù§,1,2024-12-03T00:54:50Z,False,0,
EnVab0wAtyQ,UgyJcVXfqndJBOzbWGR4AaABAg,@JellyIdiotts,"I can never understand this, i have been wearing the same two styles all my life üò¢",0,2024-12-02T22:39:07Z,False,0,
EnVab0wAtyQ,UgzB_wzTiUExzeKVzx94AaABAg,@jsbestoopid,gotta love the three cheers for sweet revenge tie!,0,2024-12-01T17:40:00Z,False,0,
EnVab0wAtyQ,UgxqVvL-099UBkNUYIJ4AaABAg,@jeraiahjemnah5379,The things I do to have this kind of mom (I love my mom but üò≠),0,2024-12-01T12:28:15Z,False,0,
EnVab0wAtyQ,Ugxd-9rIXoS8FhxgG1R4AaABAg,@dmitrix_,"""a bloody funeral?!"" Helena reference??!?!?",0,2024-12-01T05:14:26Z,False,0,
EnVab0wAtyQ,UgxfiXRtqFH7CalzZ7V4AaABAg,@KennieKennie70,THE LEWIS ARCS,0,2024-12-01T01:33:44Z,False,0,
EnVab0wAtyQ,UgyTtH2nmnteTe0p7454AaABAg,@SG12-10,lewisssss noooüòÇüòÇ,0,2024-11-30T20:59:44Z,False,0,
EnVab0wAtyQ,UgwlY6ciFf-PmKCmpUl4AaABAg,@TishyM,The mothers can't keep up,0,2024-11-30T20:34:49Z,False,0,
EnVab0wAtyQ,UgyjApuFDAPgWwzpAmx4AaABAg,@tysongamerpro1095,What kind of man are you? A Wo-man,0,2024-11-30T18:04:31Z,False,0,
EnVab0wAtyQ,UgzuL39m2tZhOYcrbMN4AaABAg,@leelakrishnan3531,y tf were u so mean to ur mom,0,2024-11-30T07:40:32Z,False,0,
EnVab0wAtyQ,UgzQXX6c7sMfoi1kboZ4AaABAg,@Anthonys_Wifey,Bro is officially Billie Joe Armstrong 2.0‚ù§,0,2024-11-30T02:19:19Z,False,0,
EnVab0wAtyQ,UgxWkeJ2wsLbGqL-uj14AaABAg,@Keithixix,Shes just trying her best üò≠üò≠,0,2024-11-29T19:21:06Z,False,0,
EnVab0wAtyQ,Ugyq2aIlr_wWr9lAJgB4AaABAg,@ashy8766,I love the friend in the second picture üò≠üò≠,0,2024-11-29T15:42:13Z,False,0,
EnVab0wAtyQ,Ugyi1FDth5XCKheXRDV4AaABAg,@ShellyFossilian-official,My mom is like this cuz she knows I like demon slayer and dandy's world,0,2024-11-29T07:41:15Z,False,0,
EnVab0wAtyQ,Ugx48vpz8J0OSkBYvEZ4AaABAg,@JoanWilson-gt9wm,"here in ireland the chav is still strong 
that or being gay and looking like a folk singer with an identity crisis",1,2024-11-29T01:31:04Z,False,0,
EnVab0wAtyQ,Ugy_NwVhAcr3JAooLa94AaABAg,@jwolfpackminecrafter,Love that she tries but she could have asked at least once before buying lol,0,2024-11-28T16:38:40Z,False,0,
EnVab0wAtyQ,Ugx2gUG9xVtOBORO1QR4AaABAg,@uh_soluna,He looks so sweaty in all the photos üò≠,0,2024-11-27T20:37:00Z,False,0,
EnVab0wAtyQ,UgwCvk53-iqvGOXLAXN4AaABAg,@joemama1038,still love emo lo the best,0,2024-11-27T02:39:45Z,False,0,
EnVab0wAtyQ,UgwMmlt39lKG8Cr36Jl4AaABAg,@ToastWizard4,Okay but the surfer dude haircut goes hard,0,2024-11-27T02:20:39Z,False,0,
EnVab0wAtyQ,UgyftcS4HOykdxQHpzp4AaABAg,@Space_fishiez,If bro doesnt want that emo necklace I'll gladly take it,1,2024-11-26T18:48:22Z,False,0,
EnVab0wAtyQ,UgykLVQrf5gUSapzcER4AaABAg,@Recklesscrybaby,How very 2006 of you,1,2024-11-26T17:29:05Z,False,0,
EnVab0wAtyQ,Ugw71zp-3nTvO0_palJ4AaABAg,@penandpapercliche,Aww cute!,0,2024-11-26T15:35:22Z,False,0,
EnVab0wAtyQ,UgwXQyG5z6UMOsM4gbp4AaABAg,@flickerinq,BJA FIT OMG,0,2024-11-26T11:54:04Z,False,0,
EnVab0wAtyQ,UgyCHgiDru-3YY9jv7F4AaABAg,@CamrenEmmons,He looks like white Michael Jackson üíÄüíÄ,0,2024-11-25T22:55:04Z,False,0,
EnVab0wAtyQ,Ugz3DlSuhJN-JYjwFe14AaABAg,@justcallme_Kisha,I wish i have a mom like herüò¢,0,2024-11-25T08:12:44Z,False,0,
EnVab0wAtyQ,UgxUshyIfkGq8MdtnyF4AaABAg,@Sydney-w5p,"Yall what i had no idea he was trans [he, right? Please tell me if I got it wrong, I will fix it]",0,2024-11-25T04:51:26Z,False,0,
EnVab0wAtyQ,UgyJoc-dVxo5nBCY0DV4AaABAg,@Sydney-w5p,Im literally DYING the photo evidence is too much üòÇüòÇüòÇ,0,2024-11-25T04:50:30Z,False,0,
EnVab0wAtyQ,UgzfXJ9uNOdbSTh4ort4AaABAg,@Goodnightkio,was the first phase based off of 2004 gerard way by any chance,0,2024-11-24T21:01:22Z,False,0,
EnVab0wAtyQ,UgzFNQN9G71pTrQ6ajJ4AaABAg,@syrusangi8743,She's trying GODDAMMIT!üòÜ,0,2024-11-24T14:56:10Z,False,0,
EnVab0wAtyQ,UgxMBlLe2b-1U21AKbl4AaABAg,@minestrology,It's giving Gerard Way ‚òùüèª,0,2024-11-23T16:26:35Z,False,0,
EnVab0wAtyQ,UgzaGS7tupULuOxLriR4AaABAg,@AdamVR2008,This video is so last week üôÑ,0,2024-11-23T14:59:57Z,False,0,
EnVab0wAtyQ,Ugw6MLpdmk5b3VHO9x94AaABAg,@partytime413,evil joe hawley,0,2024-11-23T08:01:52Z,False,0,
EnVab0wAtyQ,Ugykvh1yXMZs8paYv694AaABAg,@kimberleyhitzel5878,Mum's so sweet to find you things to show to you that she knows what's keeping you busy. K.x.,0,2024-11-23T04:11:38Z,False,0,
EnVab0wAtyQ,UgyctF8VntxOiAjqRgh4AaABAg,@starcomet8312,This is fucking hysterical. I can't get past the first chorus without bursting a lung laugning. I've been to the hospital four times.,0,2024-11-22T22:33:28Z,False,0,
EnVab0wAtyQ,UgxgW-M0KKRLv_-jV-d4AaABAg,@CaraghButler,Ngl that first fit ate fr üò≠üò≠,0,2024-11-22T20:16:29Z,False,0,
EnVab0wAtyQ,Ugwekixide2hnTca0Vd4AaABAg,@Sonodevilish,That‚Äôs so yesterday,1,2024-11-22T19:37:58Z,False,0,
EnVab0wAtyQ,UgyXhWJvWOk8t_UgQXR4AaABAg,@aurorabarbootle,Aww mate them videos. Why you always so red?,0,2024-11-22T11:59:27Z,False,0,
EnVab0wAtyQ,UgwPi9y6TWIONM-ap0B4AaABAg,@bhavyasen7577,I would die to have a mom like yours she is sooo supportive and sweet,0,2024-11-22T08:29:40Z,False,0,
EnVab0wAtyQ,UgzLtcNa8ivpNW3DFdt4AaABAg,@elizabethjones323,THE GEE WAY OUTFITT,0,2024-11-22T01:09:17Z,False,0,
EnVab0wAtyQ,UgyrF7v1OoVBY7LlnfJ4AaABAg,@lynziwtf,The beet red cheeks kill me every time. How many drinks could you get down before you flush? Hehe,0,2024-11-22T00:17:40Z,False,0,
EnVab0wAtyQ,Ugz7PEVvIo0TgzUBIMZ4AaABAg,@irrational_possum,Surfer is def my favorite üòÇ,0,2024-11-21T21:41:48Z,False,0,
EnVab0wAtyQ,UgzeW4r8J-R2j13xPnR4AaABAg,@Serj_Tankian_Fan,Omg it took my mom so long to understand that I am scene,0,2024-11-21T08:16:04Z,False,0,
EnVab0wAtyQ,Ugzpt2wkKplupzcZk2J4AaABAg,@Nothing-yt4,What about dandi it‚Äôs short for dandelion,0,2024-11-21T08:10:15Z,False,0,
EnVab0wAtyQ,UgzZVjDqf7jbxaL4YIZ4AaABAg,@Eggzbenidict,Only ONE shoe lol,1,2024-11-21T02:31:44Z,False,0,
EnVab0wAtyQ,UgwaPEJeR-9SM5KntN54AaABAg,@artvazquez1950,"""IM GonnA tHrOttLe YUHHHHH"" omg lol",0,2024-11-21T01:32:54Z,False,0,
EnVab0wAtyQ,UgwU5AeF4OuBuPMRD6Z4AaABAg,@sandsoftime1259,"The real ""chav"" picture reminds me of some photos of Paul McCartney from around the '80s and '90s, lol.",0,2024-11-21T00:38:05Z,False,0,
EnVab0wAtyQ,Ugz8eSfpiLHjKyE5d994AaABAg,@father0f4ll,The forever the sickest kids shirt is so cool,0,2024-11-21T00:18:05Z,False,0,
EnVab0wAtyQ,UgzWCmMuulXe9M511u14AaABAg,@nadasulcova7236,The facepalm lol,0,2024-11-20T14:44:28Z,False,0,
EnVab0wAtyQ,UgzK6eHtqfcW3nn9qgN4AaABAg,@derrenteohsenior,Are you a male or female,0,2024-11-20T13:07:03Z,False,0,
EnVab0wAtyQ,UgzCxyxgOo-H4_OVR_t4AaABAg,@threecheeersforsweetrevenge,Gerard way reference,0,2024-11-20T12:56:08Z,False,0,
EnVab0wAtyQ,UgwXg_RXXenGp2Dq7tt4AaABAg,@night_owl4-t6f,Gerard way!!!,0,2024-11-20T04:07:21Z,False,0,
EnVab0wAtyQ,UgytXW-lulbXTxTndzZ4AaABAg,@Th3aft3rl1f3,NOT YOU BECOMING A CHAV IM SOBBING???,0,2024-11-19T22:33:36Z,False,0,
EnVab0wAtyQ,UgwXNBviud9NhP8zyUx4AaABAg,@KayleeTruelove,The gerard way fit is awesome i did that for halloweenüòÇ,0,2024-11-19T21:26:32Z,False,0,
EnVab0wAtyQ,UgxGGrLJpJ-5dMyaJj94AaABAg,@Edric22,Can your mom adopt me? Im not much trouble i promise ü•∫,0,2024-11-19T19:06:02Z,False,0,
EnVab0wAtyQ,UgwbIdTXL_VFTQOny9t4AaABAg,@locallilly9827,REVENGE ERA GERARD WAY REFRENCUHE???,0,2024-11-19T10:07:17Z,False,0,
EnVab0wAtyQ,Ugxosz7YeTwnfMxfkdR4AaABAg,@teethvomitz8064,punk pop surfer boy was rhw best,0,2024-11-19T04:51:07Z,False,0,
EnVab0wAtyQ,UgxtO8bl3VigqeRKr7V4AaABAg,@oreo_6206,Tldr lew was changing up his look every week lmao,0,2024-11-19T04:10:11Z,False,0,
EnVab0wAtyQ,UgyjbXz889uAWhxnt-94AaABAg,@roflwofl69,Ive been a trans guys for over 5 years and im still figuring the same thing out...O_o;,0,2024-11-18T22:41:30Z,False,0,
EnVab0wAtyQ,UgyVA3zpqCf0ldoGPWB4AaABAg,@luhcy9859,"i love your mom, so supportive",0,2024-11-18T19:26:32Z,False,0,
EnVab0wAtyQ,UgycqL_XsnM8fMoNTyh4AaABAg,@HipHipHooray4Me,Me seeing the first outfit: THREE CHEERS FOR SWEET REVENGE???,0,2024-11-18T15:34:25Z,False,0,
EnVab0wAtyQ,UgzPys5jAgV8xBv9K7F4AaABAg,@HipHipHooray4Me,Me seeing the first outfit: THREE CHEERS FOR SWEET REVENGE???,0,2024-11-18T15:33:56Z,False,0,
EnVab0wAtyQ,UgxiVrGSKpelPf3bIjd4AaABAg,@Wawafaida,"I love how he wore the green day
Black polo: ‚úÖ
Red necktie‚úÖ",0,2024-11-18T05:20:51Z,False,0,
EnVab0wAtyQ,UgxJSq16aQm1a7yEul54AaABAg,@lefthandlos3r,"not lewis being dressed as billie joe armstrong to go out to do nothing. may be a teenager in the 2020s, but im not the last emo.",1,2024-11-18T02:49:49Z,False,0,
EnVab0wAtyQ,Ugw7JIivLIyqhcGaDAR4AaABAg,@mushroomed_,"Even though I cannot relate to any of these at all, I have been loving  watching your funny vids about your life story, pre-transition and during, and how it was like to be a teenager in the early 2000s! 
Not many people are willing to share their journey, and seeing this, makes me really appreciate that you are one of the few who are telling us your experience!",5,2024-11-17T19:27:08Z,False,0,
EnVab0wAtyQ,Ugz0X3hbuLDiXXQOGZh4AaABAg,@Tallytwofaced,"The first outfit,I‚Äôd wear any day anywhere anywhen",0,2024-11-17T12:40:27Z,False,0,
EnVab0wAtyQ,Ugy-Lvns2KS6zgMnBkN4AaABAg,@Chloe-w3t,Ya cheeky mate is words of wisdom üëåüëå,0,2024-11-17T09:24:41Z,False,0,
EnVab0wAtyQ,UgwCDInJzi8vspV4yLd4AaABAg,@StArzY_rEaL,My vibe changes based on the last song i listened to,0,2024-11-17T00:47:27Z,False,0,
EnVab0wAtyQ,UgxYpPduS8EdBGa_zjp4AaABAg,@noranadasi792,I hope I'm going to be a mother like that when I'm gonna have a kid.,0,2024-11-16T21:52:03Z,False,0,
EnVab0wAtyQ,Ugw_nXeQULdQ9hEFA5p4AaABAg,@YTSHORTSCOLONIZER69tspmo,OMG GERARD WAY FOR THE 1ST ONE,0,2024-11-16T10:54:32Z,False,0,
EnVab0wAtyQ,Ugwwr1PxLvw5kNlv7Il4AaABAg,@fuzzymelon1261,he looked like a knock off gerard way,0,2024-11-16T05:30:07Z,False,0,
EnVab0wAtyQ,UgyLVNkcYIcdDMfhmcZ4AaABAg,@sammzerslmao769,no because you look totally sick in each picture i strive to be you,0,2024-11-15T21:29:42Z,False,0,
EnVab0wAtyQ,UgymLuEGv3vHIIj5Cwp4AaABAg,@4lexwildchild380,"I am so happy, that I didn't own a smartphone or a cam back in that days... There are 3 pics of me as an emo on this planet.",0,2024-11-14T16:37:23Z,False,0,
EnVab0wAtyQ,UgyPRPj6i24ZHR0D_q14AaABAg,@Burtonsh0fx,"Just keep it until that trend resurfaces in like, a week or two.",0,2024-11-14T02:26:31Z,False,0,
EnVab0wAtyQ,UgxjNOa5ZVi66KYzsZ14AaABAg,@BookWormLA,We can all unite under the ‚Äúwe drove our mothers mad‚Äù banner at the end of the day. She tried damn it. She tried.,0,2024-11-14T01:57:39Z,False,0,
EnVab0wAtyQ,Ugz4sozI-2l3BufrwWl4AaABAg,@hiy0r1.,Loved the emo and punk one üòÇ,0,2024-11-13T17:16:06Z,False,0,
EnVab0wAtyQ,UgzBlviWWkDDQEZ2jId4AaABAg,@bch4688,Absolutely love you üíñ your an inspiration to young people.,2,2024-11-12T11:17:58Z,False,0,
EnVab0wAtyQ,UgxP3_HgY-ejRCs_10Z4AaABAg,@Ramen7810,She's a good mom ‚ù§,0,2024-11-12T10:26:15Z,False,0,
EnVab0wAtyQ,UgzUM_iBFzg9pqlBHZF4AaABAg,@g4y.w4d,GERARD IS THAT YOU??,0,2024-11-12T02:35:19Z,False,0,
EnVab0wAtyQ,UgwewuXlRO_NKQg83eh4AaABAg,@skullzmee,I love how the mom tries to understand her son :3,0,2024-11-11T08:54:37Z,False,0,
EnVab0wAtyQ,UgwT7tZJbA2BaB6ToUZ4AaABAg,@cheesecakepaws,"The Pop Punk Surfer Boy look is so cute and handsome on you, massive crush here on that üòÇ",0,2024-11-11T07:49:30Z,False,0,
EnVab0wAtyQ,UgyWk66RCm9irYleiE54AaABAg,@NoelleCurtis-gu3sb,THE BILLIE JOE LOOKKKKKK,0,2024-11-11T07:32:30Z,False,0,
EnVab0wAtyQ,Ugw_2DJp539pBQvU6Rt4AaABAg,@Spencer_R_07,Im gonna throttle youüòÇüòÇüòÇ,0,2024-11-11T04:43:38Z,False,0,
EnVab0wAtyQ,UgxW4K4scDJdDlmKTWZ4AaABAg,@abe_nuh,"ah yes, fcuk shirt",1,2024-11-10T22:18:26Z,False,0,
EnVab0wAtyQ,UgxYT_4HPpa8_inlW8B4AaABAg,@RomadeAli,Can someone please emphasize on the red cheeks üòÇ,0,2024-11-10T22:08:39Z,False,0,
EnVab0wAtyQ,Ugz8TjoVK3xvRKAXIAx4AaABAg,@bodoque19909,chav boy üòªüòªüòª,0,2024-11-10T05:33:31Z,False,0,
EnVab0wAtyQ,UgxEapJRJiHjlWPpD3Z4AaABAg,@omgitzpaige2013,mom is trying her best üòÇ,0,2024-11-10T03:45:48Z,False,0,
EnVab0wAtyQ,UgzRujTKhPH2Gu4XEkp4AaABAg,@tr1xie_l0l11,Istg  the emo scene kid phase was the besstttt,0,2024-11-09T11:50:56Z,False,0,
EnVab0wAtyQ,UgxMlCTpyO7uij1KUml4AaABAg,@Alliii.10,I Love that you include those pics and vids of younger you:),0,2024-11-09T09:12:50Z,False,0,
EnVab0wAtyQ,UgwQcaYRI3ebzh_eNHZ4AaABAg,@FraivenLlorente,Me in roblox,0,2024-11-09T08:23:15Z,False,0,
EnVab0wAtyQ,UgxABiGohEE5F-kGn-94AaABAg,@keatonalameda260,Mom‚Äôs doin her best üòÇ‚ù§,0,2024-11-09T05:58:48Z,False,0,
EnVab0wAtyQ,UgyTA9Jy38ycg93sx4B4AaABAg,@Tetrischan,your mom's face in the chav picture lmao,0,2024-11-08T20:02:18Z,False,0,
EnVab0wAtyQ,Ugw6xVWNu5yqOFu2MqJ4AaABAg,@sofiepokorna3363,Gerard Way reference,0,2024-11-08T19:36:40Z,False,0,
EnVab0wAtyQ,UgzzOWhTpH1dVeK2RzV4AaABAg,@Redbargan,Kinda sad how she‚Äôs trying so hard but we love her all the same ‚ù§,0,2024-11-08T18:01:03Z,False,0,
EnVab0wAtyQ,Ugx9kUqdoAaNy9C6aBN4AaABAg,@Mjao519,Poor mum tryin so hard to support him ‚ù§,0,2024-11-08T14:54:12Z,False,0,
EnVab0wAtyQ,Ugx5WbPZz8Bsek96EJR4AaABAg,@FrankensteinsMom,Ok but he did eat those looks up üòÇ‚ù§ surfer was the best one imho,1,2024-11-08T10:04:05Z,False,0,
EnVab0wAtyQ,UgwBm1Yi5GS9-uN85tZ4AaABAg,@eyenmaiden5885,Your mom is so lovely,0,2024-11-07T13:08:02Z,False,0,
EnVab0wAtyQ,UgyeJtoKZ4ER-riI-YF4AaABAg,@harrymurray-willock2658,Nowadays thats called 'gender identity',0,2024-11-05T21:14:54Z,False,0,
EnVab0wAtyQ,UgzAWm7hPcDRJoiB5Qp4AaABAg,@NoaHaitani,The 2004 Gerard way fit yess I love how your mum is so supportive and shows interest,0,2024-11-05T18:47:29Z,False,0,
EnVab0wAtyQ,Ugy_AWe287i3dbdGQDp4AaABAg,@cam-2510,"For those who are looking for the scene song, it is called ""MySpace - Prodbygeam"" it was a hard job looking for it if I'm honest ü¶üüíî  0:28",0,2024-11-05T07:18:57Z,False,0,
EnVab0wAtyQ,Ugz82XkRT8evvdJieyR4AaABAg,@madelynswinscoe9226,the fact he pulled off all the looks is great much love Lew and you're an amazing person and you've found who you are and its a true inspiration for everyone‚ù§‚ù§‚ù§‚ù§,0,2024-11-05T06:54:25Z,False,0,
EnVab0wAtyQ,Ugxnl0DXlfjGgU01toZ4AaABAg,@dannyearley2687,It‚Äôs so cool that you still have so many old pictures! I love these videos,0,2024-11-04T15:53:15Z,False,0,
EnVab0wAtyQ,Ugzc_ZSlzADZ1dk1zV14AaABAg,@IzzyNoland,She tried so hard tho üòÇ( mum I mean),0,2024-11-04T01:24:20Z,False,0,
EnVab0wAtyQ,Ugxtxx0ylo4K4XuzSTp4AaABAg,@HeyBabyBabyPayForMyLimousine,GERARD WAY???,0,2024-11-03T19:03:52Z,False,0,
EnVab0wAtyQ,UgxLJTjZ4hyHMB-eFsJ4AaABAg,@Misscakeshop,"The many phases of a man: Emo boy, Chav boy, Crunk core scene kid, Pop punk surfer dudeüòÇüòÖ",0,2024-11-03T14:12:42Z,False,0,
EnVab0wAtyQ,Ugyy5Xsjr9grCWvMEfh4AaABAg,@VIKMASMAMA,Haha the red cheeks üòÇ,0,2024-11-03T14:09:43Z,False,0,
EnVab0wAtyQ,UgyB1FarZM6zflgcdbd4AaABAg,@X11slay,billie joe or gerward way. no one will know,0,2024-11-03T11:01:10Z,False,0,
EnVab0wAtyQ,UgzY727vkJrt5pR_7qJ4AaABAg,@msbruen,THE FIT IS GIVING BILLIE JOE AND I LOVE IT üò≠,0,2024-11-02T01:25:10Z,False,0,
EnVab0wAtyQ,UgxZ7ZnPJyUtWkI4TDB4AaABAg,@toujoursici1675,Omg your poor Mum üòÇüòÇ,0,2024-11-01T22:44:23Z,False,0,
EnVab0wAtyQ,UgwNsZKvyCLbvjobweJ4AaABAg,@aleienyo,Just curious what happened to your natural blush? I'm a SE Asian so idk how blushes work üòÖ,0,2024-10-31T14:23:48Z,False,0,
EnVab0wAtyQ,Ugyv7k-7Q6VMog6abT94AaABAg,@XiaPunzalan-w2g,You're videos make's my day,0,2024-10-31T09:31:00Z,False,0,
EnVab0wAtyQ,UgwlzxXVa7bNd1-1T9V4AaABAg,@RaineBlack,The beach boy one was so cute,0,2024-10-31T04:09:15Z,False,0,
EnVab0wAtyQ,UgzdC3GNHpRgNIlPffd4AaABAg,@funsize69,Lmao the chav boy picture is killing me,0,2024-10-30T18:34:33Z,False,0,
EnVab0wAtyQ,Ugz2zKL1VMee7c90iBV4AaABAg,@heygraey,"The mom just trying to be supportive and aid in the 'cool hip' trends is so cute! Between Gerard and Avril I learned to tie a tie before most men, just like Pop goes Crunk my future husband is covered.",0,2024-10-30T17:22:23Z,False,0,
EnVab0wAtyQ,Ugz7rM5OHmG7hx8G0rt4AaABAg,@Naido7,Im a pop punk ish guy mixed with a metalhead,0,2024-10-30T04:34:22Z,False,0,
EnVab0wAtyQ,Ugzg836B5xItyRUEgVV4AaABAg,@watercoolerromance,OHMYGOD GERARD WAY COSPLAY!!!!,0,2024-10-30T03:10:20Z,False,0,
EnVab0wAtyQ,UgxUmgs-SJqHI6qkpoV4AaABAg,@high54me,Your poor mum üòÅ,0,2024-10-30T01:07:16Z,False,0,
EnVab0wAtyQ,UgyIvkEI2IrYZjtN8S94AaABAg,@LieutenantFinnOfficial,"IM GOING THROUGH MY ""WHAT TYPE OF MAN DO I WANNA BE?!"" STAGE üò≠üò≠",0,2024-10-29T19:36:34Z,False,0,
EnVab0wAtyQ,UgzUB4xKgsjWgAciApB4AaABAg,@NotVal_,I immediately thought of Gerard way lol,0,2024-10-29T15:36:23Z,False,0,
EnVab0wAtyQ,Ugwfz5VuKZDjUOw6xB14AaABAg,@DonJuan-ex2id,ANYTHING but a *chav!*,0,2024-10-29T01:54:48Z,False,0,
EnVab0wAtyQ,UgxPQeVsWFNnvDI69rB4AaABAg,@l0kib4rnes,of COURSE bro had the gerard way billie joe armstrong black outift red tieüò≠üò≠üò≠,0,2024-10-28T22:05:42Z,False,0,
EnVab0wAtyQ,UgyLZB_9NGG82tinrd14AaABAg,@summercucumber4964,"Honestly like bless parents who try their best to be accepting of their teens experimenting with their personal style, even when they can't keep up with the constant shift. üòÖ",4,2024-10-28T20:33:38Z,False,0,
EnVab0wAtyQ,UgxHJgD0lsFTx5WA4Zl4AaABAg,@IsabellaGlass-u8g,"My friends are always asking me ""why the hell are you so fucking sad and always wear black and next week your so diffrent?""  i just stopped hanging with them.",0,2024-10-27T19:19:24Z,False,0,
EnVab0wAtyQ,UgwQ4D6iZTSwAOx9h0l4AaABAg,@realsaulgoodman72,GERARD WAY,0,2024-10-27T16:21:13Z,False,0,
EnVab0wAtyQ,UgzSaeKWny4godFtsrp4AaABAg,@N_no_you,"I love your mom, she really tried",0,2024-10-27T13:14:43Z,False,0,
EnVab0wAtyQ,UgzS5SNSwNHsURFCeHF4AaABAg,@Bartholomule01,Wouldn't have guessed a Chav phase!,0,2024-10-27T09:14:41Z,False,0,
EnVab0wAtyQ,Ugy2OdjvYN7pHyTHWRp4AaABAg,@succubuxxx,the kerrang rlly pulls this all together,0,2024-10-27T04:37:55Z,False,0,
EnVab0wAtyQ,UgyxRsDneKPBegPV7aV4AaABAg,@Pietrunchaa,So poser,0,2024-10-26T13:18:51Z,False,0,
EnVab0wAtyQ,UgwVbPoKgTjWDVe-A8l4AaABAg,@TheRat_Offical-Mika,I would‚Äôve accepted anything reallyüòÇ,0,2024-10-26T04:17:19Z,False,0,
EnVab0wAtyQ,Ugy_NIwWeMVzG57CTrJ4AaABAg,@Teddyyorri,Not the name hancox,0,2024-10-25T10:58:47Z,False,0,
EnVab0wAtyQ,UgyBSVCnO4vwwNz0LM14AaABAg,@Linisbored-p4i,‚ÄúFcuk‚Äù is so funny lmao,1,2024-10-25T03:17:40Z,False,0,
EnVab0wAtyQ,UgyI7Z8-3rHxOKusESF4AaABAg,@Nik-ko9eq,I feel your mom's pain as I try to get my kid cute stuff that fits in with their aesthetic that is ever freaking chanting!üòÇüòÇ,0,2024-10-23T20:52:45Z,False,1,
EnVab0wAtyQ,UgyI7Z8-3rHxOKusESF4AaABAg.A9xH0J1Cp90A9xH2rJs1di,@Nik-ko9eq,Changing,0,2024-10-23T20:53:06Z,True,0,UgyI7Z8-3rHxOKusESF4AaABAg
EnVab0wAtyQ,UgxG5HV6Qu7DRPIkjwp4AaABAg,@King_JayR6,Damn,0,2024-10-23T20:28:49Z,False,0,
EnVab0wAtyQ,UgwCsAp0iiuuDU3LMCJ4AaABAg,@darksquidgelock,I CANT WITH THAT BILLY JOE FIT I SWEAR,0,2024-10-23T11:56:42Z,False,0,
EnVab0wAtyQ,Ugyoqje1NOzl_jnM3X94AaABAg,@gayle_agnesB8,PHOTOS OF U MAKE IT SM FUNNIER I LOVE IT,0,2024-10-22T08:35:20Z,False,0,
EnVab0wAtyQ,UgxyhO9hvJJSLiVPKSx4AaABAg,@HYGIENE12,‚ÄúWhere to? A bloody funeral?!‚Äù  Yea the Helena music video,0,2024-10-20T22:43:53Z,False,0,
EnVab0wAtyQ,UgxeN5nr5fTooZYZozF4AaABAg,@domiinatedloveslave,Chat is this Billie Joe,0,2024-10-20T10:02:13Z,False,0,
EnVab0wAtyQ,UgzE9hCRkA5IwdSzG6J4AaABAg,@Star.AverageHuman,Honestly if she got me that emo necklace thing id be sooooooooooooooooooooOOOOOOOOOOOOO HAPPY.,1,2024-10-20T07:16:15Z,False,0,
EnVab0wAtyQ,UgwHpH701ZJ-791alk94AaABAg,@TH0M4Z-M4RZH,the gerard way fit,0,2024-10-20T04:29:36Z,False,0,
EnVab0wAtyQ,UgwGmICb2Ubu44kXTFR4AaABAg,@SOURGUMM1,LOL üò≠üò≠üò≠ at least his mom tried üò≠üò≠üò≠,0,2024-10-19T17:44:58Z,False,0,
EnVab0wAtyQ,Ugz-rvWXdc9RkpFdTXZ4AaABAg,@Wilbursoot_fan22,Gerard way?,0,2024-10-19T13:36:55Z,False,0,
EnVab0wAtyQ,UgxudsPOAOSOq8b-L854AaABAg,@MillieJones-t8x,His mum is so sweet üò≠ü§ç,1,2024-10-19T12:06:45Z,False,0,
EnVab0wAtyQ,Ugw9-5GWkk4x2Ls7bol4AaABAg,@mikaylafrancis6036,"I love that she seems to have always tried to be supportive.
You guys have such a fun dynamic. At least the stuff you show online any way",0,2024-10-18T21:27:19Z,False,0,
EnVab0wAtyQ,UgxJdwV8W086I-fuB_54AaABAg,@neetvillage,it's so cute that your mother is so supportive hehe,0,2024-10-18T18:09:48Z,False,0,
EnVab0wAtyQ,UgxzsokCh2PuATsT7uh4AaABAg,@PpButthole-d9v,#1 was giving Billie joe Armstrongüòπ i love it,0,2024-10-17T18:49:12Z,False,0,
EnVab0wAtyQ,UgzoTNoRQQ8Vyvz2tMl4AaABAg,@ZeeBeeYoutube,Bro the last pic looks like my trans uncle but if he was like younger,0,2024-10-17T15:57:17Z,False,0,
